date,hour,customers,avg_ticket,promo_active,weather,staff_on_shift,revenue
2025-01-01,11,15,22.84974076928959,0,rainy,8,342.7461115393438
2025-01-01,12,41,18.918870731268598,0,sunny,13,775.6736999820125
2025-01-01,13,42,18.901947338863998,1,cold,13,793.8817882322879
2025-01-01,14,32,28.660739489267897,0,rainy,9,917.1436636565727
2025-01-01,15,46,26.987157219862883,1,sunny,7,1241.4092321136927
2025-01-01,16,55,26.384854155901024,0,cold,12,1451.1669785745564
2025-01-01,17,52,22.476356257351927,0,sunny,9,1168.7705253823003
2025-01-01,18,53,16.762001017883286,1,sunny,7,888.3860539478142
2025-01-01,19,20,12.338216407854393,0,cold,13,246.76432815708785
2025-01-01,20,37,28.987465413263234,0,cold,13,1072.5362202907397
2025-01-01,21,21,24.55736152669077,0,cold,12,515.7045920605061
2025-01-02,11,31,15.786886099329136,0,cold,8,489.3934690792032
2025-01-02,12,32,22.263541867521834,0,sunny,11,712.4333397606987
2025-01-02,13,24,23.750225706098835,0,sunny,9,570.0054169463721
2025-01-02,14,29,20.39359391141351,0,rainy,10,591.4142234309918
2025-01-02,15,51,17.70963135724733,1,sunny,10,903.1911992196137
2025-01-02,16,60,13.747822964275104,1,cold,5,824.8693778565062
2025-01-02,17,49,27.807482484249185,0,sunny,12,1362.56664172821
2025-01-02,18,41,25.30674442916943,0,cold,12,1037.5765215959466
2025-01-02,19,32,24.395901290503865,1,cold,8,780.6688412961237
2025-01-02,20,48,22.173399598887755,1,cold,14,1064.3231807466123
2025-01-02,21,21,13.496024867350844,0,sunny,7,283.4165222143677
2025-01-03,11,36,24.89388967413418,0,cold,8,896.1800282688305
2025-01-03,12,33,12.084518571465846,0,cold,7,398.7891128583729
2025-01-03,13,43,19.799185115676792,1,sunny,7,851.364959974102
2025-01-03,14,23,29.14948220730573,0,sunny,8,670.4380907680318
2025-01-03,15,36,17.353865115392406,1,rainy,13,624.7391441541266
2025-01-03,16,41,22.462911707445457,1,rainy,5,920.9793800052637
2025-01-03,17,34,23.591823586133472,0,rainy,11,802.1220019285381
2025-01-03,18,41,24.889341562115575,0,sunny,14,1020.4630040467385
2025-01-03,19,38,27.812139424968755,0,cold,14,1056.8612981488127
2025-01-03,20,16,22.337854479292417,0,rainy,13,357.4056716686787
2025-01-03,21,23,15.98272833330809,0,sunny,11,367.6027516660861
2025-01-04,11,65,28.054620390282096,1,sunny,13,1823.5503253683362
2025-01-04,12,45,24.856343391884003,1,rainy,13,1118.53545263478
2025-01-04,13,17,21.149678074420038,0,rainy,8,359.54452726514063
2025-01-04,14,35,19.405141027598184,0,rainy,14,679.1799359659365
2025-01-04,15,53,20.16376828820524,1,sunny,8,1068.6797192748777
2025-01-04,16,46,12.299303527209611,0,rainy,10,565.7679622516421
2025-01-04,17,48,15.08933419070593,0,rainy,10,724.2880411538847
2025-01-04,18,56,15.077758776296367,0,cold,10,844.3544914725966
2025-01-04,19,31,22.948551585372233,0,rainy,5,711.4050991465392
2025-01-04,20,55,23.186611226995744,0,sunny,5,1275.263617484766
2025-01-04,21,45,16.810725681866607,0,cold,6,756.4826556839973
2025-01-05,11,48,17.615009918632833,0,rainy,7,845.5204760943759
2025-01-05,12,20,15.937488727261893,0,rainy,7,318.74977454523787
2025-01-05,13,47,24.249804441470033,0,cold,6,1139.7408087490915
2025-01-05,14,31,27.858082119630147,1,rainy,14,863.6005457085346
2025-01-05,15,59,27.38304444559286,1,cold,5,1615.5996222899787
2025-01-05,16,52,21.658425799957,1,rainy,5,1126.238141597764
2025-01-05,17,42,23.935407655801814,0,cold,13,1005.2871215436762
2025-01-05,18,18,28.279649562406167,0,rainy,12,509.033692123311
2025-01-05,19,47,27.707711798053115,0,rainy,6,1302.2624545084964
2025-01-05,20,30,20.701355098777547,1,sunny,11,621.0406529633265
2025-01-05,21,48,15.839615592614676,0,cold,8,760.3015484455044
2025-01-06,11,27,19.64433843752711,0,sunny,13,530.397137813232
2025-01-06,12,45,15.356247950808093,1,sunny,9,691.0311577863642
2025-01-06,13,42,19.129074650531287,0,rainy,7,803.4211353223141
2025-01-06,14,50,20.785013051681183,0,sunny,7,1039.2506525840593
2025-01-06,15,43,13.666730972133244,0,sunny,5,587.6694318017295
2025-01-06,16,46,29.314854813850122,0,cold,14,1348.4833214371056
2025-01-06,17,43,12.295733332646536,1,sunny,13,528.716533303801
2025-01-06,18,22,17.071141903571082,0,rainy,13,375.5651218785638
2025-01-06,19,60,29.594912515400043,1,rainy,7,1775.6947509240026
2025-01-06,20,46,16.17062927648168,1,sunny,9,743.8489467181573
2025-01-06,21,66,20.750872085601557,1,cold,14,1369.5575576497029
2025-01-07,11,35,27.28098399563253,0,rainy,6,954.8344398471385
2025-01-07,12,37,20.610665526719785,0,rainy,11,762.594624488632
2025-01-07,13,20,19.388858485700226,0,sunny,10,387.7771697140045
2025-01-07,14,33,14.171825841350156,1,sunny,9,467.67025276455513
2025-01-07,15,46,29.512550802416346,1,sunny,9,1357.5773369111519
2025-01-07,16,26,19.33034108544853,0,sunny,7,502.5888682216618
2025-01-07,17,40,12.205694255250558,1,sunny,9,488.2277702100223
2025-01-07,18,21,13.612854616294896,0,cold,9,285.8699469421928
2025-01-07,19,60,25.538421377782807,1,rainy,13,1532.3052826669684
2025-01-07,20,53,16.61051239346482,0,sunny,8,880.3571568536355
2025-01-07,21,24,20.253261940259712,0,rainy,13,486.0782865662331
2025-01-08,11,40,18.838685206202168,0,sunny,8,753.5474082480868
2025-01-08,12,58,23.880717520013082,0,sunny,10,1385.0816161607588
2025-01-08,13,42,16.66960615821639,0,rainy,10,700.1234586450884
2025-01-08,14,48,18.675350385921995,0,sunny,8,896.4168185242557
2025-01-08,15,58,24.873217481347368,0,sunny,8,1442.6466139181473
2025-01-08,16,51,22.39577307896476,1,rainy,14,1142.1844270272027
2025-01-08,17,24,21.651194904662134,0,cold,9,519.6286777118912
2025-01-08,18,35,29.21530301032708,0,sunny,6,1022.5356053614478
2025-01-08,19,38,20.224405589623785,1,rainy,12,768.5274124057039
2025-01-08,20,46,13.682270215994112,0,cold,8,629.3844299357291
2025-01-08,21,58,24.892395135924335,0,cold,13,1443.7589178836115
2025-01-09,11,20,12.1757958407331,0,cold,11,243.515916814662
2025-01-09,12,50,27.439007595483982,0,cold,12,1371.950379774199
2025-01-09,13,58,26.773808172623667,1,sunny,10,1552.8808740121726
2025-01-09,14,47,23.320171903110605,0,cold,7,1096.0480794461985
2025-01-09,15,53,27.282689551713194,0,cold,13,1445.9825462407994
2025-01-09,16,30,19.051937746211237,0,sunny,6,571.5581323863371
2025-01-09,17,20,28.72724551144885,0,sunny,10,574.544910228977
2025-01-09,18,39,17.88061587182868,0,sunny,8,697.3440190013185
2025-01-09,19,21,21.4026695808836,0,rainy,10,449.45606119855563
2025-01-09,20,24,15.980896476229509,0,rainy,8,383.5415154295082
2025-01-09,21,33,29.536611830724905,1,rainy,11,974.7081904139219
2025-01-10,11,41,26.967349197698468,1,rainy,10,1105.6613171056372
2025-01-10,12,36,17.629559323923438,1,cold,13,634.6641356612438
2025-01-10,13,27,16.42913732983736,0,cold,8,443.5867079056087
2025-01-10,14,25,20.95820361364171,0,rainy,7,523.9550903410428
2025-01-10,15,35,18.48982008874606,1,cold,13,647.1437031061122
2025-01-10,16,18,16.18728587093578,0,rainy,12,291.3711456768441
2025-01-10,17,39,18.871676530253072,0,rainy,12,735.9953846798699
2025-01-10,18,53,29.117146998997093,0,cold,11,1543.208790946846
2025-01-10,19,47,28.501086347943275,0,rainy,7,1339.551058353334
2025-01-10,20,30,24.242079677287713,1,sunny,12,727.2623903186313
2025-01-10,21,28,17.480431332791753,1,rainy,5,489.4520773181691
2025-01-11,11,33,28.966504794562745,0,rainy,8,955.8946582205706
2025-01-11,12,30,12.443159227016203,0,sunny,5,373.2947768104861
2025-01-11,13,48,13.275656007315751,0,cold,11,637.231488351156
2025-01-11,14,24,24.529389041388093,0,rainy,10,588.7053369933142
2025-01-11,15,56,13.303820054384351,0,sunny,13,745.0139230455237
2025-01-11,16,58,22.660147537713062,1,rainy,8,1314.2885571873576
2025-01-11,17,45,16.889749816910626,0,cold,13,760.0387417609782
2025-01-11,18,38,21.10559490885555,0,sunny,13,802.0126065365109
2025-01-11,19,38,25.510710412721775,0,cold,5,969.4069956834275
2025-01-11,20,35,15.034375286671708,1,rainy,11,526.2031350335097
2025-01-11,21,39,13.883301997364534,0,sunny,11,541.4487778972168
2025-01-12,11,25,23.202919714188088,1,rainy,11,580.0729928547022
2025-01-12,12,48,21.870504079954518,0,rainy,11,1049.784195837817
2025-01-12,13,21,24.78606292153584,0,rainy,7,520.5073213522527
2025-01-12,14,22,13.610901810592201,0,sunny,10,299.43983983302843
2025-01-12,15,21,17.02322306811477,0,sunny,10,357.4876844304102
2025-01-12,16,48,21.703323841804476,1,sunny,14,1041.7595444066149
2025-01-12,17,41,23.649539770092648,0,cold,10,969.6311305737986
2025-01-12,18,30,12.303690120660715,0,rainy,5,369.11070361982144
2025-01-12,19,41,12.523800255619904,1,rainy,5,513.475810480416
2025-01-12,20,44,21.35914274227509,0,rainy,9,939.802280660104
2025-01-12,21,39,26.882835845540672,0,sunny,6,1048.4305979760861
2025-01-13,11,39,17.9094595492058,0,sunny,5,698.4689224190262
2025-01-13,12,38,18.828409408049758,0,rainy,8,715.4795575058909
2025-01-13,13,41,26.938152634860177,1,rainy,13,1104.4642580292673
2025-01-13,14,37,16.437626295824113,0,cold,11,608.1921729454922
2025-01-13,15,34,22.762861147784438,0,cold,12,773.9372790246709
2025-01-13,16,47,18.041357620989885,0,cold,11,847.9438081865246
2025-01-13,17,36,27.812867229529317,0,cold,12,1001.2632202630555
2025-01-13,18,55,25.317910520923817,1,rainy,5,1392.48507865081
2025-01-13,19,57,29.96332052391612,0,sunny,5,1707.909269863219
2025-01-13,20,32,29.46399247008451,0,rainy,10,942.8477590427043
2025-01-13,21,36,28.66263873078293,0,cold,8,1031.8549943081855
2025-01-14,11,24,28.031750569203712,0,cold,10,672.7620136608891
2025-01-14,12,49,22.670044872178956,0,sunny,6,1110.8321987367688
2025-01-14,13,60,12.67617094507071,1,sunny,8,760.5702567042426
2025-01-14,14,69,23.47648850155427,1,sunny,5,1619.8777066072448
2025-01-14,15,38,29.224793551579978,0,rainy,14,1110.5421549600392
2025-01-14,16,21,14.658340407720733,0,rainy,6,307.8251485621354
2025-01-14,17,46,16.691316004067158,1,cold,8,767.8005361870893
2025-01-14,18,42,17.852122365877587,0,cold,5,749.7891393668586
2025-01-14,19,37,28.844977443902195,1,cold,12,1067.2641654243812
2025-01-14,20,46,15.807610159073443,1,rainy,11,727.1500673173783
2025-01-14,21,58,27.51712672532173,0,sunny,10,1595.9933500686604
2025-01-15,11,25,18.88392178973575,0,sunny,7,472.09804474339376
2025-01-15,12,29,16.880041051441253,0,cold,7,489.52119049179635
2025-01-15,13,39,29.639321874161567,0,sunny,6,1155.933553092301
2025-01-15,14,46,20.70671630563242,0,sunny,14,952.5089500590913
2025-01-15,15,47,18.20492629275914,1,sunny,9,855.6315357596795
2025-01-15,16,54,18.74554868833347,0,sunny,6,1012.2596291700074
2025-01-15,17,40,25.074164359521035,0,rainy,13,1002.9665743808414
2025-01-15,18,58,19.29672449127401,0,cold,7,1119.2100204938924
2025-01-15,19,25,13.534195085301361,0,sunny,12,338.354877132534
2025-01-15,20,22,27.609008863893585,0,rainy,12,607.3981950056589
2025-01-15,21,31,21.435309487087647,0,sunny,13,664.494594099717
2025-01-16,11,29,25.872140922918792,1,rainy,11,750.292086764645
2025-01-16,12,26,13.449576062493193,0,rainy,12,349.688977624823
2025-01-16,13,49,16.770714570560678,0,sunny,12,821.7650139574732
2025-01-16,14,26,28.4015489065811,1,rainy,13,738.4402715711086
2025-01-16,15,24,15.592730558162058,0,rainy,8,374.2255333958894
2025-01-16,16,37,13.267394960423058,0,sunny,10,490.8936135356531
2025-01-16,17,53,12.521145882485289,1,rainy,14,663.6207317717203
2025-01-16,18,64,15.468923581930081,1,rainy,5,990.0111092435252
2025-01-16,19,21,23.56233148854229,0,cold,13,494.8089612593881
2025-01-16,20,28,20.927465316722454,0,sunny,12,585.9690288682287
2025-01-16,21,19,27.333366588598828,0,rainy,9,519.3339651833777
2025-01-17,11,46,24.354516892687506,1,sunny,5,1120.3077770636253
2025-01-17,12,21,21.13743985033377,0,cold,7,443.8862368570092
2025-01-17,13,42,21.37370587035349,0,sunny,14,897.6956465548466
2025-01-17,14,54,13.690100434857086,1,cold,9,739.2654234822827
2025-01-17,15,27,20.25305700719601,0,sunny,12,546.8325391942923
2025-01-17,16,31,29.85402592478333,0,cold,7,925.4748036682832
2025-01-17,17,19,24.33859285833243,0,rainy,5,462.43326430831615
2025-01-17,18,46,28.609618984056578,0,sunny,11,1316.0424732666027
2025-01-17,19,20,15.700193807535534,0,cold,7,314.00387615071065
2025-01-17,20,58,17.41483066358706,0,sunny,8,1010.0601784880496
2025-01-17,21,59,12.658097741335137,0,cold,9,746.8277667387731
2025-01-18,11,32,16.43802491660081,0,rainy,11,526.0167973312259
2025-01-18,12,50,28.786101669432128,0,sunny,14,1439.3050834716064
2025-01-18,13,38,12.445555424093234,0,rainy,5,472.9311061155429
2025-01-18,14,42,24.762638283299218,1,rainy,8,1040.0308078985672
2025-01-18,15,27,25.8594093525016,0,cold,9,698.2040525175432
2025-01-18,16,21,13.531202567660797,0,rainy,10,284.15525392087676
2025-01-18,17,47,23.003893563557178,0,sunny,13,1081.1829974871873
2025-01-18,18,49,14.6044405103462,0,cold,6,715.6175850069637
2025-01-18,19,48,18.27042155551233,0,sunny,12,876.9802346645918
2025-01-18,20,27,14.829997814183177,0,rainy,13,400.4099409829458
2025-01-18,21,15,25.10198685065121,0,rainy,12,376.52980275976813
2025-01-19,11,19,12.888281042191915,0,rainy,5,244.87733980164637
2025-01-19,12,29,20.220376678653984,1,rainy,10,586.3909236809656
2025-01-19,13,60,27.88110609454393,1,rainy,7,1672.8663656726358
2025-01-19,14,53,24.653130794178622,0,sunny,8,1306.615932091467
2025-01-19,15,56,12.092753356842419,0,cold,8,677.1941879831754
2025-01-19,16,68,27.933730938927113,1,sunny,13,1899.4937038470437
2025-01-19,17,32,23.186514652282796,0,rainy,10,741.9684688730495
2025-01-19,18,57,22.80383162636329,1,cold,6,1299.8184027027075
2025-01-19,19,59,23.481403491303773,1,sunny,5,1385.4028059869227
2025-01-19,20,56,21.588034574484492,0,cold,7,1208.9299361711317
2025-01-19,21,34,19.79539408382283,0,rainy,6,673.0433988499763
2025-01-20,11,41,15.415565097469404,0,rainy,9,632.0381689962455
2025-01-20,12,30,26.320626633777835,0,cold,7,789.6187990133351
2025-01-20,13,53,27.814806748532625,1,rainy,9,1474.1847576722291
2025-01-20,14,27,20.755388079995978,0,cold,10,560.3954781598914
2025-01-20,15,38,27.60219377866372,0,sunny,8,1048.8833635892215
2025-01-20,16,36,27.995078910850694,0,sunny,7,1007.8228407906249
2025-01-20,17,50,13.068897384104206,1,cold,10,653.4448692052104
2025-01-20,18,47,25.049893692777843,0,cold,12,1177.3450035605586
2025-01-20,19,39,13.572888417066002,0,rainy,12,529.3426482655741
2025-01-20,20,67,18.162162779252842,1,sunny,5,1216.8649062099405
2025-01-20,21,59,21.311869503289444,0,sunny,9,1257.4003006940773
2025-01-21,11,46,26.88350885487651,1,cold,5,1236.6414073243195
2025-01-21,12,50,25.34228533434618,0,cold,7,1267.114266717309
2025-01-21,13,37,25.619766911569265,0,cold,10,947.9313757280628
2025-01-21,14,59,26.64984255457145,0,sunny,6,1572.3407107197156
2025-01-21,15,29,16.367471878996348,1,rainy,11,474.65668449089407
2025-01-21,16,50,24.935275026140737,0,rainy,8,1246.7637513070367
2025-01-21,17,27,24.709098129853093,0,sunny,7,667.1456495060335
2025-01-21,18,42,15.23631523500375,0,rainy,9,639.9252398701575
2025-01-21,19,36,25.57002119246802,0,sunny,8,920.5207629288486
2025-01-21,20,15,14.006929031376881,0,rainy,10,210.10393547065323
2025-01-21,21,54,20.68651635081782,1,sunny,8,1117.071882944162
2025-01-22,11,48,25.226647943350102,0,cold,7,1210.879101280805
2025-01-22,12,39,18.60683239993866,1,rainy,7,725.6664635976077
2025-01-22,13,57,26.91913631167355,1,sunny,8,1534.3907697653924
2025-01-22,14,53,25.030945173023866,0,sunny,10,1326.640094170265
2025-01-22,15,39,19.44841836305006,0,cold,6,758.4883161589523
2025-01-22,16,58,16.132214004455097,0,cold,12,935.6684122583956
2025-01-22,17,31,14.126280630145963,0,rainy,10,437.91469953452486
2025-01-22,18,32,28.564891578116615,0,rainy,9,914.0765304997317
2025-01-22,19,66,12.791557776433631,1,cold,10,844.2428132446197
2025-01-22,20,30,16.39876930445019,0,cold,8,491.96307913350574
2025-01-22,21,16,20.220665265488716,0,rainy,9,323.53064424781945
2025-01-23,11,47,16.38620175506218,0,rainy,10,770.1514824879225
2025-01-23,12,19,23.168998205039777,0,rainy,13,440.21096589575575
2025-01-23,13,32,27.270214856220107,0,rainy,13,872.6468753990434
2025-01-23,14,29,14.316539051595358,0,sunny,5,415.17963249626536
2025-01-23,15,65,28.98931543231475,1,sunny,13,1884.3055031004587
2025-01-23,16,58,17.189409960649037,1,sunny,13,996.9857777176442
2025-01-23,17,52,21.464561155381013,0,rainy,5,1116.1571800798126
2025-01-23,18,44,17.40341024426303,0,rainy,13,765.7500507475733
2025-01-23,19,24,17.950809534234594,0,cold,7,430.81942882163025
2025-01-23,20,52,26.82691809641705,0,sunny,8,1394.9997410136866
2025-01-23,21,33,24.87257853645648,0,rainy,7,820.7950917030638
2025-01-24,11,32,24.337468788739898,0,cold,5,778.7990012396767
2025-01-24,12,26,12.919358643046621,1,rainy,7,335.90332471921215
2025-01-24,13,54,12.01195593462368,1,cold,13,648.6456204696788
2025-01-24,14,34,24.447145940967637,0,cold,9,831.2029619928996
2025-01-24,15,37,23.510329940532184,0,rainy,11,869.8822077996908
2025-01-24,16,35,27.50021414518416,0,rainy,13,962.5074950814455
2025-01-24,17,20,28.647116694145783,0,cold,11,572.9423338829157
2025-01-24,18,45,27.93039332181251,0,sunny,13,1256.867699481563
2025-01-24,19,34,14.120755284606687,0,rainy,9,480.10567967662735
2025-01-24,20,40,27.783112270623118,1,cold,7,1111.3244908249246
2025-01-24,21,16,13.189336749330094,0,rainy,11,211.0293879892815
2025-01-25,11,59,28.11923281568719,0,cold,5,1659.0347361255442
2025-01-25,12,26,24.88858767397999,0,cold,7,647.1032795234797
2025-01-25,13,53,26.69455749935741,0,rainy,6,1414.8115474659426
2025-01-25,14,24,13.98940129294789,0,rainy,11,335.7456310307494
2025-01-25,15,51,14.3043756681147,0,rainy,9,729.5231590738497
2025-01-25,16,29,14.957747697442251,1,rainy,5,433.7746832258253
2025-01-25,17,47,29.06079396800861,1,rainy,11,1365.8573164964048
2025-01-25,18,43,13.946979440574077,0,rainy,12,599.7201159446853
2025-01-25,19,54,13.844033071894748,0,rainy,13,747.5777858823163
2025-01-25,20,37,15.969509395198212,1,rainy,9,590.8718476223338
2025-01-25,21,42,14.869086728619658,0,sunny,10,624.5016426020256
2025-01-26,11,59,29.200231091647574,0,cold,14,1722.8136344072068
2025-01-26,12,40,12.095670725492162,0,rainy,8,483.8268290196865
2025-01-26,13,41,22.720505640422765,0,rainy,8,931.5407312573334
2025-01-26,14,25,18.53803131447881,0,rainy,12,463.45078286197025
2025-01-26,15,30,25.31113989434666,1,rainy,11,759.3341968303998
2025-01-26,16,36,16.74781835610832,1,rainy,10,602.9214608198995
2025-01-26,17,55,17.025091354974435,1,rainy,6,936.380024523594
2025-01-26,18,51,27.276987572935912,0,cold,5,1391.1263662197316
2025-01-26,19,21,17.820578610082816,0,cold,14,374.23215081173913
2025-01-26,20,32,18.65142372251369,0,cold,12,596.8455591204381
2025-01-26,21,43,12.350324411567406,0,rainy,12,531.0639496973985
2025-01-27,11,32,23.18506662364301,0,cold,12,741.9221319565763
2025-01-27,12,45,26.674050732894706,0,rainy,7,1200.3322829802619
2025-01-27,13,44,26.695578561858404,1,sunny,13,1174.6054567217698
2025-01-27,14,54,21.044155337632148,0,sunny,9,1136.384388232136
2025-01-27,15,32,29.117205483421568,0,cold,7,931.7505754694902
2025-01-27,16,30,28.88861046535132,0,cold,7,866.6583139605395
2025-01-27,17,31,27.7796713426233,0,cold,8,861.1698116213223
2025-01-27,18,46,14.504399124067294,1,sunny,8,667.2023597070955
2025-01-27,19,39,23.955547891460682,0,sunny,11,934.2663677669666
2025-01-27,20,47,20.32648929244003,0,cold,9,955.3449967446815
2025-01-27,21,48,26.498323873289937,0,rainy,12,1271.919545917917
2025-01-28,11,52,18.54920595164948,1,cold,14,964.558709485773
2025-01-28,12,33,25.494626006258187,0,rainy,14,841.3226582065201
2025-01-28,13,54,24.487446418305847,1,sunny,10,1322.3221065885157
2025-01-28,14,57,21.000385242141597,1,rainy,6,1197.0219588020711
2025-01-28,15,46,23.494965197545433,0,cold,11,1080.7683990870898
2025-01-28,16,30,26.151392990371093,1,cold,11,784.5417897111328
2025-01-28,17,51,21.879233912391012,0,sunny,9,1115.8409295319416
2025-01-28,18,39,22.163289779865686,0,cold,11,864.3683014147617
2025-01-28,19,24,18.715905911616645,0,rainy,7,449.18174187879947
2025-01-28,20,39,29.042529077001397,1,sunny,5,1132.6586340030544
2025-01-28,21,25,24.5051058900249,0,rainy,12,612.6276472506225
2025-01-29,11,43,29.92928287818337,0,cold,5,1286.9591637618848
2025-01-29,12,48,19.836362393852827,1,sunny,8,952.1453949049358
2025-01-29,13,41,23.1805258582869,0,rainy,8,950.4015601897629
2025-01-29,14,30,23.57757797190554,0,sunny,11,707.3273391571662
2025-01-29,15,56,14.764485224302089,1,rainy,10,826.8111725609169
2025-01-29,16,48,29.896195497973718,0,rainy,12,1435.0173839027384
2025-01-29,17,43,19.64734750460554,0,sunny,9,844.8359426980383
2025-01-29,18,21,17.49084057053151,0,sunny,8,367.3076519811617
2025-01-29,19,26,21.237324893367926,0,sunny,8,552.1704472275661
2025-01-29,20,41,21.498865060311584,0,rainy,12,881.453467472775
2025-01-29,21,33,24.657402288281958,1,sunny,5,813.6942755133045
2025-01-30,11,55,20.48172176430469,0,cold,12,1126.494697036758
2025-01-30,12,35,26.44920578196089,0,rainy,11,925.7222023686312
2025-01-30,13,41,22.396621620780277,0,sunny,11,918.2614864519913
2025-01-30,14,32,25.79863891091085,0,rainy,11,825.5564451491472
2025-01-30,15,38,17.168748831953927,0,cold,12,652.4124556142492
2025-01-30,16,50,29.223670243901633,0,sunny,11,1461.1835121950817
2025-01-30,17,49,22.444281675542282,1,sunny,9,1099.7698021015717
2025-01-30,18,49,27.593248453834427,1,sunny,14,1352.069174237887
2025-01-30,19,27,15.957493979548925,0,cold,5,430.85233744782096
2025-01-30,20,59,19.762559846048212,0,sunny,13,1165.9910309168445
2025-01-30,21,26,21.752803178186852,0,sunny,9,565.5728826328582
2025-01-31,11,40,17.724515357286958,1,sunny,8,708.9806142914783
2025-01-31,12,38,25.74963703092151,0,cold,14,978.4862071750173
2025-01-31,13,20,17.644631011368624,0,sunny,5,352.8926202273725
2025-01-31,14,36,29.82663339851243,1,rainy,6,1073.7588023464475
2025-01-31,15,34,14.681547654189632,0,cold,7,499.1726202424475
2025-01-31,16,23,14.197540923056408,0,sunny,8,326.5434412302974
2025-01-31,17,20,15.47825326454201,0,cold,8,309.5650652908402
2025-01-31,18,66,12.808736059182326,1,sunny,10,845.3765799060335
2025-01-31,19,42,16.59114813569951,1,rainy,11,696.8282216993794
2025-01-31,20,37,28.995648922450957,0,cold,7,1072.8390101306854
2025-01-31,21,31,17.33029992146448,0,sunny,6,537.2392975653988
2025-02-01,11,36,16.74023737486896,1,sunny,10,602.6485454952826
2025-02-01,12,33,18.117174719864337,0,rainy,9,597.8667657555231
2025-02-01,13,54,15.992058908663052,1,rainy,13,863.5711810678048
2025-02-01,14,44,27.04162867650256,0,cold,14,1189.8316617661128
2025-02-01,15,23,16.887919717646064,0,cold,10,388.42215350585946
2025-02-01,16,44,16.76924630163562,0,rainy,6,737.8468372719672
2025-02-01,17,41,26.71415874512699,1,sunny,5,1095.2805085502066
2025-02-01,18,52,15.53611785277717,0,rainy,12,807.8781283444129
2025-02-01,19,42,22.523516237525,0,rainy,11,945.98768197605
2025-02-01,20,31,14.774337330950853,0,cold,13,458.00445725947645
2025-02-01,21,26,26.94857421217727,0,sunny,9,700.662929516609
2025-02-02,11,19,20.334900900788895,0,rainy,8,386.363117114989
2025-02-02,12,46,16.45981197333889,0,cold,6,757.151350773589
2025-02-02,13,37,18.470156718389738,1,sunny,5,683.3957985804203
2025-02-02,14,37,14.262731254253534,1,cold,13,527.7210564073807
2025-02-02,15,67,20.04227976664346,1,cold,11,1342.832744365112
2025-02-02,16,28,28.73313731004158,0,sunny,7,804.5278446811643
2025-02-02,17,31,29.64839625913134,0,cold,13,919.1002840330715
2025-02-02,18,27,19.285925321228664,0,cold,8,520.7199836731739
2025-02-02,19,57,24.781049490282395,1,rainy,13,1412.5198209460966
2025-02-02,20,31,24.881199715240427,1,sunny,9,771.3171911724532
2025-02-02,21,32,14.155058084948308,0,cold,7,452.96185871834587
2025-02-03,11,30,25.897022781601645,1,sunny,10,776.9106834480493
2025-02-03,12,29,28.755786655531253,0,rainy,10,833.9178130104063
2025-02-03,13,51,24.916071003825465,1,rainy,5,1270.7196211950986
2025-02-03,14,32,21.263247911871552,0,rainy,12,680.4239331798897
2025-02-03,15,46,20.658764065977707,0,cold,14,950.3031470349745
2025-02-03,16,23,24.067741940014024,0,rainy,12,553.5580646203225
2025-02-03,17,41,27.211548071058225,0,rainy,9,1115.6734709133873
2025-02-03,18,49,13.075642523287092,0,sunny,12,640.7064836410675
2025-02-03,19,29,23.53016268338193,0,cold,11,682.374717818076
2025-02-03,20,23,20.670675097730957,0,cold,14,475.425527247812
2025-02-03,21,25,16.120336795039094,0,cold,14,403.0084198759773
2025-02-04,11,31,25.003047336568255,0,cold,12,775.0944674336159
2025-02-04,12,25,27.374466230279136,0,rainy,8,684.3616557569784
2025-02-04,13,68,25.84054985186679,1,sunny,11,1757.1573899269417
2025-02-04,14,66,16.23868456616144,1,cold,5,1071.7531813666549
2025-02-04,15,58,12.616806726340132,1,sunny,14,731.7747901277277
2025-02-04,16,50,14.575105642638961,0,cold,14,728.7552821319481
2025-02-04,17,43,20.147763525702523,1,rainy,5,866.3538316052085
2025-02-04,18,42,28.545078013028395,0,rainy,8,1198.8932765471925
2025-02-04,19,56,22.541306419842616,0,sunny,11,1262.3131595111865
2025-02-04,20,48,25.207727920353385,0,rainy,14,1209.9709401769624
2025-02-04,21,38,22.614812723872618,1,sunny,5,859.3628835071595
2025-02-05,11,25,15.26920310362239,0,cold,10,381.73007759055974
2025-02-05,12,43,27.246312194448485,0,cold,11,1171.591424361285
2025-02-05,13,36,25.524858041134415,1,sunny,10,918.894889480839
2025-02-05,14,20,26.00469924464458,0,sunny,6,520.0939848928916
2025-02-05,15,33,21.738162245530873,0,sunny,13,717.3593541025189
2025-02-05,16,57,19.47225458697229,0,cold,5,1109.9185114574207
2025-02-05,17,57,29.43638524697093,0,sunny,5,1677.873959077343
2025-02-05,18,46,19.304199131186806,1,cold,5,887.9931600345931
2025-02-05,19,33,12.390040755945574,0,rainy,6,408.8713449462039
2025-02-05,20,40,25.736524144586273,1,cold,8,1029.460965783451
2025-02-05,21,59,28.481646192957278,0,sunny,11,1680.4171253844795
2025-02-06,11,50,23.672944087656113,0,sunny,5,1183.6472043828057
2025-02-06,12,26,29.11188180654788,0,cold,10,756.9089269702449
2025-02-06,13,53,26.7253900531295,0,cold,14,1416.4456728158636
2025-02-06,14,28,18.93524806281394,0,rainy,10,530.1869457587903
2025-02-06,15,25,18.422491461811234,0,sunny,11,460.5622865452808
2025-02-06,16,39,21.302994726857474,1,cold,10,830.8167943474415
2025-02-06,17,68,18.643780923912452,1,cold,12,1267.7771028260468
2025-02-06,18,16,22.185211717536795,0,rainy,5,354.9633874805887
2025-02-06,19,52,25.857687264042994,1,cold,6,1344.5997377302356
2025-02-06,20,50,19.48715966333603,0,sunny,9,974.3579831668014
2025-02-06,21,43,26.882338816637215,0,cold,13,1155.9405691154002
2025-02-07,11,29,15.674596959247069,0,cold,14,454.563311818165
2025-02-07,12,67,26.355474495622918,1,cold,8,1765.8167912067354
2025-02-07,13,56,28.166786741674045,1,sunny,6,1577.3400575337464
2025-02-07,14,31,15.108540350790888,0,rainy,8,468.36475087451754
2025-02-07,15,30,12.441866097431596,0,rainy,10,373.2559829229479
2025-02-07,16,53,26.863287394027736,1,cold,11,1423.75423188347
2025-02-07,17,43,16.283505772823435,1,cold,9,700.1907482314077
2025-02-07,18,38,13.660758256401259,0,cold,7,519.1088137432479
2025-02-07,19,63,17.62841718274863,1,cold,9,1110.5902825131639
2025-02-07,20,23,26.192430966439943,0,rainy,13,602.4259122281187
2025-02-07,21,38,13.515802764837286,1,rainy,14,513.6005050638169
2025-02-08,11,44,23.193883045098573,0,sunny,5,1020.5308539843372
2025-02-08,12,26,17.773462488809027,0,rainy,13,462.1100247090347
2025-02-08,13,57,18.59294889350832,1,cold,9,1059.7980869299743
2025-02-08,14,29,27.82546606810899,0,cold,5,806.9385159751607
2025-02-08,15,20,23.90839766813701,0,cold,14,478.1679533627402
2025-02-08,16,37,26.65154860524089,1,rainy,7,986.107298393913
2025-02-08,17,31,21.845101113202148,0,cold,7,677.1981345092665
2025-02-08,18,21,12.283288314068326,0,sunny,14,257.94905459543486
2025-02-08,19,33,22.06646940061033,1,cold,6,728.1934902201409
2025-02-08,20,63,29.20731151274852,1,rainy,11,1840.060625303157
2025-02-08,21,55,20.77976207095872,0,cold,7,1142.8869139027297
2025-02-09,11,37,26.72581890043252,0,rainy,5,988.8552993160033
2025-02-09,12,40,25.390880771371346,1,rainy,8,1015.6352308548538
2025-02-09,13,51,13.823116445365358,0,rainy,11,704.9789387136333
2025-02-09,14,49,16.775451104571133,1,rainy,13,821.9971041239855
2025-02-09,15,30,23.846252998653533,0,rainy,11,715.387589959606
2025-02-09,16,54,21.098514277928405,1,sunny,7,1139.3197710081338
2025-02-09,17,18,18.788897633737108,0,rainy,6,338.20015740726797
2025-02-09,18,30,28.034025699029073,0,sunny,7,841.0207709708721
2025-02-09,19,54,23.59431623475458,0,sunny,9,1274.0930766767474
2025-02-09,20,40,14.016264654979313,0,rainy,8,560.6505861991725
2025-02-09,21,27,13.458968195413108,0,cold,7,363.39214127615395
2025-02-10,11,42,12.944949390398516,0,rainy,7,543.6878743967377
2025-02-10,12,34,21.340662215468974,1,rainy,6,725.5825153259451
2025-02-10,13,36,15.495495737042443,0,cold,5,557.8378465335279
2025-02-10,14,52,22.742751245387947,1,sunny,13,1182.6230647601733
2025-02-10,15,42,17.88496049593543,0,cold,9,751.1683408292881
2025-02-10,16,25,24.100910843345268,0,sunny,10,602.5227710836317
2025-02-10,17,37,16.577186344992192,0,rainy,11,613.3558947647111
2025-02-10,18,36,27.976793473660145,0,sunny,14,1007.1645650517652
2025-02-10,19,48,24.92735746960531,1,cold,6,1196.513158541055
2025-02-10,20,40,24.86703190849911,1,cold,9,994.6812763399645
2025-02-10,21,64,21.889534499396685,1,cold,5,1400.9302079613879
2025-02-11,11,23,26.55494634233456,0,sunny,9,610.7637658736949
2025-02-11,12,26,17.1331487063863,0,rainy,10,445.4618663660438
2025-02-11,13,27,16.22722139088429,0,rainy,12,438.1349775538758
2025-02-11,14,21,25.491662780570557,0,sunny,9,535.3249183919817
2025-02-11,15,43,23.993767184496427,1,rainy,8,1031.7319889333464
2025-02-11,16,46,12.764812948286847,0,sunny,12,587.181395621195
2025-02-11,17,23,17.607868062478097,0,rainy,7,404.98096543699626
2025-02-11,18,30,13.086830676460735,0,sunny,5,392.60492029382203
2025-02-11,19,23,25.13300489463635,0,cold,6,578.059112576636
2025-02-11,20,54,16.10639199739039,1,sunny,14,869.745167859081
2025-02-11,21,39,24.857397233287386,0,cold,12,969.438492098208
2025-02-12,11,54,25.69426731600243,1,sunny,7,1387.4904350641314
2025-02-12,12,58,14.252909843304174,1,cold,8,826.6687709116421
2025-02-12,13,54,25.750695824238335,0,rainy,8,1390.53757450887
2025-02-12,14,54,26.776199738252608,0,cold,8,1445.9147858656409
2025-02-12,15,24,14.333142873301682,0,sunny,9,343.99542895924037
2025-02-12,16,52,13.839315806076634,1,rainy,5,719.6444219159849
2025-02-12,17,25,13.24532648446757,1,rainy,10,331.1331621116893
2025-02-12,18,45,23.561027934853687,0,rainy,14,1060.2462570684158
2025-02-12,19,29,14.461858862023638,0,sunny,11,419.3939069986855
2025-02-12,20,28,23.886094727608004,0,rainy,9,668.8106523730241
2025-02-12,21,27,23.589552661006742,0,rainy,9,636.917921847182
2025-02-13,11,32,17.452286556057032,0,sunny,7,558.473169793825
2025-02-13,12,43,19.506535341455884,0,cold,9,838.781019682603
2025-02-13,13,29,16.827115779413205,0,cold,5,487.98635760298293
2025-02-13,14,49,24.16718307936474,0,rainy,10,1184.1919708888722
2025-02-13,15,40,14.71287258902111,0,rainy,8,588.5149035608445
2025-02-13,16,46,18.303635135218375,0,rainy,10,841.9672162200452
2025-02-13,17,16,25.95248777295646,0,rainy,14,415.23980436730335
2025-02-13,18,62,26.023997892348397,1,sunny,6,1613.4878693256007
2025-02-13,19,48,22.834986566036022,0,sunny,7,1096.079355169729
2025-02-13,20,37,26.284746758557084,0,cold,9,972.5356300666122
2025-02-13,21,45,25.841980608705413,0,rainy,14,1162.8891273917436
2025-02-14,11,53,28.80220604067693,0,rainy,5,1526.5169201558772
2025-02-14,12,54,14.451658766596099,0,rainy,13,780.3895733961893
2025-02-14,13,47,14.87093787461436,0,sunny,11,698.9340801068748
2025-02-14,14,51,20.950165145592706,0,cold,9,1068.458422425228
2025-02-14,15,51,26.456593445246423,0,rainy,13,1349.2862657075675
2025-02-14,16,49,13.467741943646224,1,sunny,14,659.919355238665
2025-02-14,17,27,12.049644160762304,0,sunny,10,325.3403923405822
2025-02-14,18,40,25.318874654091672,1,sunny,8,1012.7549861636669
2025-02-14,19,54,27.582178970392956,0,cold,7,1489.4376644012195
2025-02-14,20,52,16.150703459856985,0,cold,13,839.8365799125631
2025-02-14,21,23,16.42783090721856,0,cold,11,377.84011086602686
2025-02-15,11,36,22.02415924530605,1,sunny,7,792.8697328310177
2025-02-15,12,41,18.384199487020553,1,rainy,14,753.7521789678426
2025-02-15,13,39,12.789523735794885,0,rainy,11,498.79142569600054
2025-02-15,14,28,15.973432704936029,1,rainy,6,447.2561157382088
2025-02-15,15,24,24.665706222880516,0,sunny,10,591.9769493491324
2025-02-15,16,68,19.829193942483805,1,sunny,5,1348.3851880888988
2025-02-15,17,33,19.774075803156794,1,rainy,7,652.5445015041743
2025-02-15,18,42,26.876603130955132,1,rainy,8,1128.8173315001156
2025-02-15,19,31,15.66112515597652,0,cold,8,485.4948798352722
2025-02-15,20,33,20.816784667596995,0,rainy,6,686.9538940307008
2025-02-15,21,50,16.045991911067965,1,rainy,13,802.2995955533983
2025-02-16,11,43,19.416439545956074,1,sunny,13,834.9069004761112
2025-02-16,12,51,28.4417869793254,1,cold,5,1450.5311359455955
2025-02-16,13,23,15.158187297964488,0,rainy,8,348.6383078531832
2025-02-16,14,43,25.298963317072594,0,rainy,8,1087.8554226341216
2025-02-16,15,20,14.536506738129326,0,rainy,10,290.73013476258654
2025-02-16,16,27,27.61380534057168,0,sunny,11,745.5727441954353
2025-02-16,17,41,20.19719458762964,0,cold,14,828.0849780928152
2025-02-16,18,32,12.346177068327872,0,rainy,8,395.0776661864919
2025-02-16,19,27,18.984109993214112,0,sunny,7,512.570969816781
2025-02-16,20,63,23.37427463441568,1,cold,5,1472.5793019681878
2025-02-16,21,34,26.97842260680281,0,rainy,5,917.2663686312956
2025-02-17,11,15,25.624835852178986,0,rainy,8,384.3725377826848
2025-02-17,12,60,20.958516356112202,1,rainy,8,1257.510981366732
2025-02-17,13,41,13.221404718667959,1,sunny,7,542.0775934653863
2025-02-17,14,50,19.57638244326764,0,sunny,14,978.819122163382
2025-02-17,15,44,23.229601054839364,0,cold,5,1022.1024464129321
2025-02-17,16,51,15.34552774814083,0,cold,13,782.6219151551824
2025-02-17,17,18,28.38712522376883,0,rainy,11,510.96825402783895
2025-02-17,18,50,14.670724318641751,1,rainy,10,733.5362159320875
2025-02-17,19,58,16.982308226414982,0,sunny,7,984.973877132069
2025-02-17,20,44,24.038085773860697,0,rainy,5,1057.6757740498706
2025-02-17,21,29,17.27441105640287,0,rainy,6,500.9579206356832
2025-02-18,11,30,24.3604205367035,1,sunny,13,730.812616101105
2025-02-18,12,35,13.405347375209477,0,rainy,5,469.18715813233166
2025-02-18,13,64,18.918367181225317,1,rainy,9,1210.7754995984203
2025-02-18,14,36,29.634701466955008,1,rainy,13,1066.8492528103802
2025-02-18,15,47,25.007833475715703,0,sunny,13,1175.368173358638
2025-02-18,16,45,15.17553770544479,1,cold,8,682.8991967450156
2025-02-18,17,49,15.173069522520265,0,sunny,9,743.480406603493
2025-02-18,18,58,26.773216717735316,1,sunny,7,1552.8465696286482
2025-02-18,19,27,17.789769145988352,0,sunny,11,480.3237669416855
2025-02-18,20,34,29.60542044439885,0,sunny,5,1006.5842951095609
2025-02-18,21,26,29.32576232865286,0,sunny,7,762.4698205449744
2025-02-19,11,34,29.642862673937863,0,sunny,11,1007.8573309138874
2025-02-19,12,24,18.188652636720825,0,sunny,10,436.5276632812998
2025-02-19,13,49,16.2843968141551,0,sunny,7,797.9354438936
2025-02-19,14,17,28.393054227171127,0,rainy,10,482.6819218619092
2025-02-19,15,38,24.714674354812114,0,sunny,6,939.1576254828603
2025-02-19,16,49,16.425287434431006,1,rainy,13,804.8390842871192
2025-02-19,17,24,20.545926921060037,0,rainy,7,493.1022461054409
2025-02-19,18,26,19.64195320904417,0,sunny,11,510.69078343514843
2025-02-19,19,45,17.17506071187313,0,sunny,7,772.8777320342908
2025-02-19,20,30,15.424689160619984,1,sunny,9,462.74067481859953
2025-02-19,21,33,29.860382182661432,0,rainy,8,985.3926120278272
2025-02-20,11,54,13.519889875631062,0,sunny,12,730.0740532840773
2025-02-20,12,59,27.088086800170732,1,cold,8,1598.1971212100732
2025-02-20,13,26,19.694305302478604,0,cold,7,512.0519378644437
2025-02-20,14,37,17.836911759756198,1,sunny,14,659.9657351109794
2025-02-20,15,30,29.922063485445964,1,rainy,11,897.6619045633789
2025-02-20,16,53,25.128938427943673,1,rainy,9,1331.8337366810147
2025-02-20,17,38,29.929807925422285,0,cold,14,1137.3327011660467
2025-02-20,18,44,20.8127393461767,0,rainy,9,915.7605312317747
2025-02-20,19,39,27.98157056635899,0,sunny,13,1091.2812520880007
2025-02-20,20,43,21.100043945840163,0,rainy,10,907.301889671127
2025-02-20,21,54,14.21723367938107,0,cold,14,767.7306186865778
2025-02-21,11,47,18.51242230504451,0,cold,6,870.0838483370919
2025-02-21,12,46,20.503719215697302,1,rainy,13,943.1710839220759
2025-02-21,13,16,15.273714716373448,0,rainy,6,244.37943546197516
2025-02-21,14,37,25.29465998237294,0,sunny,14,935.9024193477989
2025-02-21,15,25,12.5688979707673,0,rainy,6,314.2224492691825
2025-02-21,16,21,12.41825928075951,0,cold,11,260.78344489594974
2025-02-21,17,66,25.906874585390447,1,sunny,12,1709.8537226357696
2025-02-21,18,40,13.974512751935812,0,rainy,9,558.9805100774324
2025-02-21,19,58,17.065859595842944,0,cold,11,989.8198565588908
2025-02-21,20,52,15.25875008737665,1,cold,9,793.4550045435858
2025-02-21,21,49,25.83645761449064,0,sunny,13,1265.9864231100414
2025-02-22,11,42,28.884270086358264,0,cold,11,1213.139343627047
2025-02-22,12,63,27.313961650187636,1,rainy,6,1720.7795839618211
2025-02-22,13,42,17.98373173398862,1,rainy,10,755.3167328275221
2025-02-22,14,54,23.962633393283085,0,cold,11,1293.9822032372865
2025-02-22,15,51,26.153741589251744,0,sunny,9,1333.840821051839
2025-02-22,16,52,17.635779871247824,0,rainy,14,917.0605533048869
2025-02-22,17,41,20.726999704319983,0,rainy,6,849.8069878771194
2025-02-22,18,50,19.432139104349787,0,rainy,8,971.6069552174894
2025-02-22,19,37,27.79713079292958,0,rainy,10,1028.4938393383945
2025-02-22,20,24,24.263946457324224,0,cold,10,582.3347149757814
2025-02-22,21,28,17.63801193567411,0,rainy,13,493.8643341988751
2025-02-23,11,51,19.252352005174075,0,cold,14,981.8699522638778
2025-02-23,12,25,28.474797355311743,0,sunny,7,711.8699338827936
2025-02-23,13,58,25.356167473028272,1,sunny,8,1470.6577134356398
2025-02-23,14,68,12.778872175959531,1,cold,11,868.9633079652481
2025-02-23,15,45,20.489953191689082,1,rainy,12,922.0478936260087
2025-02-23,16,46,16.240209609089547,1,sunny,5,747.0496420181191
2025-02-23,17,53,16.684438391251696,0,cold,9,884.2752347363399
2025-02-23,18,53,27.63674697201568,0,rainy,9,1464.7475895168309
2025-02-23,19,46,21.5689047259556,0,sunny,12,992.1696173939577
2025-02-23,20,19,17.00297001861525,0,rainy,6,323.0564303536898
2025-02-23,21,35,28.234625387327718,1,rainy,10,988.2118885564702
2025-02-24,11,48,15.575101501520054,0,cold,5,747.6048720729626
2025-02-24,12,29,12.980966799758928,0,cold,8,376.44803719300893
2025-02-24,13,67,19.26273356719259,1,cold,7,1290.6031490019036
2025-02-24,14,31,29.27385084607938,0,rainy,14,907.4893762284607
2025-02-24,15,50,24.298872536026735,0,sunny,6,1214.9436268013367
2025-02-24,16,25,23.077621307340902,1,rainy,6,576.9405326835225
2025-02-24,17,59,25.066085281654058,0,sunny,6,1478.8990316175893
2025-02-24,18,28,20.733810114954093,0,cold,8,580.5466832187146
2025-02-24,19,41,29.16129623706027,0,cold,6,1195.613145719471
2025-02-24,20,59,21.012186383870816,0,sunny,11,1239.7189966483782
2025-02-24,21,41,16.70194114866159,0,sunny,6,684.7795870951252
2025-02-25,11,52,28.99667676185107,0,cold,11,1507.8271916162557
2025-02-25,12,24,19.009914015129645,0,rainy,14,456.2379363631115
2025-02-25,13,23,19.64098299249025,0,rainy,6,451.7426088272758
2025-02-25,14,15,17.812327914066934,0,rainy,12,267.184918711004
2025-02-25,15,46,16.624941333074553,0,cold,13,764.7473013214294
2025-02-25,16,54,28.015718444755752,0,rainy,14,1512.8487960168106
2025-02-25,17,44,25.788085362223157,0,cold,12,1134.6757559378188
2025-02-25,18,37,16.078011761529606,1,sunny,5,594.8864351765955
2025-02-25,19,34,24.339228942823972,1,rainy,8,827.5337840560151
2025-02-25,20,55,22.0571578345168,0,cold,5,1213.143680898424
2025-02-25,21,64,20.188276908841917,1,rainy,7,1292.0497221658827
2025-02-26,11,28,21.577983563471395,0,rainy,11,604.183539777199
2025-02-26,12,44,20.975508349320727,0,cold,14,922.9223673701119
2025-02-26,13,39,23.68197593873125,0,rainy,9,923.5970616105187
2025-02-26,14,58,19.728188319231524,0,sunny,7,1144.2349225154285
2025-02-26,15,43,27.865568350134147,0,rainy,14,1198.2194390557684
2025-02-26,16,35,19.016155610168138,0,cold,13,665.5654463558848
2025-02-26,17,61,17.413084304123522,1,sunny,9,1062.1981425515348
2025-02-26,18,30,21.894784479700604,1,sunny,5,656.8435343910181
2025-02-26,19,22,29.946834195691807,0,cold,11,658.8303523052198
2025-02-26,20,59,28.705831904481283,0,sunny,9,1693.6440823643957
2025-02-26,21,32,17.721711251385372,0,rainy,5,567.0947600443319
2025-02-27,11,53,15.00068400665292,0,rainy,5,795.0362523526047
2025-02-27,12,21,12.947865839242787,0,cold,13,271.90518262409853
2025-02-27,13,59,14.091073576246583,0,sunny,5,831.3733409985484
2025-02-27,14,36,21.19897019300243,0,sunny,7,763.1629269480875
2025-02-27,15,52,13.0146876592997,1,cold,12,676.7637582835844
2025-02-27,16,44,27.16428381470694,1,rainy,9,1195.2284878471055
2025-02-27,17,23,12.106897566295256,0,rainy,13,278.4586440247909
2025-02-27,18,41,24.03985572490897,0,sunny,13,985.6340847212679
2025-02-27,19,51,22.587631987419037,1,cold,5,1151.969231358371
2025-02-27,20,57,24.35323908667944,0,sunny,10,1388.134627940728
2025-02-27,21,32,14.497086445372933,0,rainy,13,463.90676625193385
2025-02-28,11,59,26.773052521226212,0,cold,7,1579.6100987523466
2025-02-28,12,30,23.41120605286951,0,rainy,9,702.3361815860853
2025-02-28,13,50,21.575412193317025,1,sunny,13,1078.7706096658512
2025-02-28,14,39,22.963427688642902,0,rainy,13,895.5736798570732
2025-02-28,15,44,29.035479160338937,0,sunny,7,1277.5610830549133
2025-02-28,16,40,22.313923626217786,1,cold,12,892.5569450487114
2025-02-28,17,28,21.500494119757846,0,rainy,5,602.0138353532197
2025-02-28,18,54,17.166363984137718,0,rainy,10,926.9836551434367
2025-02-28,19,16,23.52932070378455,0,rainy,14,376.4691312605528
2025-02-28,20,21,14.415689054573486,0,sunny,7,302.7294701460432
2025-02-28,21,36,13.784942125610392,0,rainy,11,496.25791652197415
2025-03-01,11,32,15.571321459480188,0,cold,10,498.282286703366
2025-03-01,12,42,27.596155667209707,0,cold,10,1159.0385380228076
2025-03-01,13,23,27.835003349394135,0,rainy,11,640.2050770360651
2025-03-01,14,34,16.925489585400413,0,cold,14,575.4666459036141
2025-03-01,15,53,17.38499689120973,0,cold,7,921.4048352341157
2025-03-01,16,42,21.392077182567874,1,rainy,6,898.4672416678507
2025-03-01,17,53,14.479047224003562,0,rainy,9,767.3895028721888
2025-03-01,18,22,20.777251091347942,0,sunny,13,457.0995240096547
2025-03-01,19,43,23.413514610398686,0,cold,13,1006.7811282471434
2025-03-01,20,44,25.213362199148797,1,sunny,7,1109.387936762547
2025-03-01,21,55,17.012441317248587,0,sunny,9,935.6842724486723
2025-03-02,11,38,26.35070285794946,0,cold,12,1001.3267086020795
2025-03-02,12,41,14.750537438097933,1,cold,14,604.7720349620153
2025-03-02,13,42,25.918338601751234,0,sunny,11,1088.5702212735519
2025-03-02,14,18,19.06846152388183,0,rainy,14,343.23230742987295
2025-03-02,15,20,20.95253610407921,0,sunny,10,419.05072208158424
2025-03-02,16,45,24.6265738392107,0,sunny,12,1108.1958227644816
2025-03-02,17,44,27.262953806030126,0,rainy,10,1199.5699674653256
2025-03-02,18,42,15.561698854527341,0,sunny,7,653.5913518901483
2025-03-02,19,23,28.167344651058308,0,sunny,13,647.8489269743411
2025-03-02,20,49,20.23832596673323,1,rainy,10,991.6779723699282
2025-03-02,21,32,27.475313798432573,1,rainy,10,879.2100415498423
2025-03-03,11,19,17.065490055859026,0,rainy,5,324.2443110613215
2025-03-03,12,25,29.850379990603017,0,sunny,13,746.2594997650754
2025-03-03,13,57,25.539794858986284,1,sunny,14,1455.768306962218
2025-03-03,14,52,17.562892530223245,0,cold,13,913.2704115716087
2025-03-03,15,33,16.94319798446479,1,sunny,6,559.125533487338
2025-03-03,16,34,22.80705072623079,0,rainy,9,775.4397246918469
2025-03-03,17,27,15.991612333199058,0,sunny,6,431.77353299637457
2025-03-03,18,33,22.412127866932877,0,cold,9,739.600219608785
2025-03-03,19,68,28.372488194668094,1,cold,14,1929.3291972374304
2025-03-03,20,41,29.452482701620525,1,rainy,5,1207.5517907664416
2025-03-03,21,35,26.170335474382206,0,sunny,12,915.9617416033772
2025-03-04,11,38,24.914743056508968,0,rainy,6,946.7602361473407
2025-03-04,12,67,23.169359704176046,1,cold,6,1552.347100179795
2025-03-04,13,45,12.745850371188947,0,rainy,14,573.5632667035026
2025-03-04,14,52,24.549896786504043,0,rainy,12,1276.5946328982102
2025-03-04,15,23,26.071983281761753,0,rainy,7,599.6556154805203
2025-03-04,16,37,25.360888246136255,0,cold,10,938.3528651070415
2025-03-04,17,44,27.432985031823883,0,cold,8,1207.0513414002507
2025-03-04,18,26,29.402410754127967,1,rainy,13,764.4626796073271
2025-03-04,19,57,22.602242801735013,0,sunny,6,1288.3278396988958
2025-03-04,20,20,14.765997769907028,0,sunny,5,295.31995539814056
2025-03-04,21,56,22.47341909082965,0,sunny,10,1258.5114690864605
2025-03-05,11,29,28.74550305962782,0,rainy,12,833.6195887292067
2025-03-05,12,52,20.87259149994703,0,cold,10,1085.3747579972455
2025-03-05,13,30,15.248469758861464,0,cold,6,457.45409276584394
2025-03-05,14,28,20.997733304524573,0,rainy,14,587.9365325266881
2025-03-05,15,44,14.447868419848938,0,sunny,6,635.7062104733533
2025-03-05,16,50,23.961018912017618,1,sunny,8,1198.0509456008808
2025-03-05,17,52,12.421384187663289,0,rainy,14,645.911977758491
2025-03-05,18,42,26.29975950949653,0,cold,8,1104.5898993988542
2025-03-05,19,62,14.426309349677046,1,rainy,14,894.4311796799768
2025-03-05,20,25,16.818312714471777,0,rainy,12,420.4578178617944
2025-03-05,21,50,20.14526918583656,1,cold,7,1007.2634592918281
2025-03-06,11,52,17.708998027445254,0,sunny,6,920.8678974271533
2025-03-06,12,43,21.06655149326729,0,sunny,9,905.8617142104935
2025-03-06,13,45,22.049496550514192,1,sunny,9,992.2273447731386
2025-03-06,14,27,28.95036727753558,0,sunny,14,781.6599164934606
2025-03-06,15,20,17.2306820709357,0,rainy,8,344.613641418714
2025-03-06,16,34,27.32804029710281,1,rainy,7,929.1533701014955
2025-03-06,17,45,13.055323059907899,0,sunny,6,587.4895376958555
2025-03-06,18,57,19.141801727789627,0,sunny,6,1091.0826984840087
2025-03-06,19,29,13.679381350761577,0,rainy,5,396.70205917208574
2025-03-06,20,34,18.546649046288955,0,rainy,5,630.5860675738245
2025-03-06,21,39,29.152395264699326,1,cold,12,1136.9434153232737
2025-03-07,11,31,28.288977839342813,0,cold,11,876.9583130196272
2025-03-07,12,59,19.31834523347377,1,sunny,13,1139.7823687749524
2025-03-07,13,44,21.043312351701637,1,sunny,5,925.905743474872
2025-03-07,14,49,17.953049378903444,1,rainy,12,879.6994195662687
2025-03-07,15,49,20.607881517223962,0,cold,8,1009.7861943439741
2025-03-07,16,58,16.662340510957996,0,sunny,7,966.4157496355638
2025-03-07,17,40,29.47897572294928,1,cold,11,1179.1590289179712
2025-03-07,18,40,16.205605346593757,0,rainy,14,648.2242138637503
2025-03-07,19,38,27.09315463453725,0,rainy,7,1029.5398761124154
2025-03-07,20,26,19.40407289669396,1,rainy,9,504.50589531404296
2025-03-07,21,27,20.17791707499562,0,sunny,5,544.8037610248817
2025-03-08,11,46,26.873974313618763,1,sunny,11,1236.2028184264632
2025-03-08,12,32,27.509479017494876,1,sunny,11,880.303328559836
2025-03-08,13,47,19.80836899923302,0,sunny,7,930.993342963952
2025-03-08,14,45,22.428315820213275,0,sunny,9,1009.2742119095974
2025-03-08,15,29,16.287014337536114,0,cold,5,472.3234157885473
2025-03-08,16,23,14.609541372971655,0,rainy,7,336.0194515783481
2025-03-08,17,15,13.38235446408807,0,rainy,8,200.73531696132105
2025-03-08,18,22,26.670826077173974,0,sunny,11,586.7581736978274
2025-03-08,19,15,22.26786042381469,0,rainy,6,334.01790635722034
2025-03-08,20,48,16.903124447893582,1,cold,14,811.3499734988919
2025-03-08,21,37,18.237615161846136,0,cold,12,674.791760988307
2025-03-09,11,20,19.9357908288261,0,sunny,11,398.715816576522
2025-03-09,12,58,22.3073939401455,0,sunny,7,1293.8288485284388
2025-03-09,13,46,19.554326819248644,1,sunny,6,899.4990336854376
2025-03-09,14,23,20.792048385934855,0,rainy,5,478.2171128765017
2025-03-09,15,38,29.340739544736657,1,cold,14,1114.948102699993
2025-03-09,16,40,14.519407253355752,0,sunny,13,580.7762901342301
2025-03-09,17,16,22.30469779578333,0,rainy,5,356.8751647325333
2025-03-09,18,20,27.45942437214572,0,rainy,11,549.1884874429144
2025-03-09,19,20,29.71343886422519,0,sunny,12,594.2687772845038
2025-03-09,20,32,19.080932881184726,1,sunny,12,610.5898521979112
2025-03-09,21,45,29.367877428114646,0,cold,7,1321.554484265159
2025-03-10,11,43,17.406141278708045,0,rainy,8,748.4640749844459
2025-03-10,12,45,13.613111198616158,0,cold,12,612.5900039377271
2025-03-10,13,41,25.626158547530096,0,cold,14,1050.672500448734
2025-03-10,14,20,15.11530068654243,0,rainy,8,302.3060137308486
2025-03-10,15,36,17.824245787873686,0,sunny,8,641.6728483634527
2025-03-10,16,65,20.59821851286298,1,sunny,14,1338.8842033360938
2025-03-10,17,44,21.336608593938188,1,sunny,13,938.8107781332802
2025-03-10,18,63,20.09761502680239,1,rainy,13,1266.1497466885505
2025-03-10,19,32,19.68496245880263,1,sunny,7,629.9187986816842
2025-03-10,20,52,17.482287914075343,0,rainy,13,909.0789715319179
2025-03-10,21,54,22.434425575414227,0,sunny,5,1211.4589810723683
2025-03-11,11,54,19.781032455321895,0,sunny,9,1068.1757525873822
2025-03-11,12,66,18.61908033122129,1,cold,9,1228.8593018606052
2025-03-11,13,30,29.43462564793414,0,rainy,12,883.0387694380242
2025-03-11,14,53,20.534240876858174,0,sunny,12,1088.3147664734831
2025-03-11,15,54,21.401888105256113,1,sunny,12,1155.7019576838302
2025-03-11,16,16,29.254823204644335,0,rainy,11,468.07717127430936
2025-03-11,17,62,12.249052521113548,1,cold,11,759.44125630904
2025-03-11,18,53,14.8026138626076,0,cold,8,784.5385347182029
2025-03-11,19,47,24.408575591034033,0,rainy,12,1147.2030527785996
2025-03-11,20,26,21.042835008526872,1,rainy,12,547.1137102216986
2025-03-11,21,42,17.693255349022888,1,sunny,14,743.1167246589613
2025-03-12,11,34,22.63030848528136,1,sunny,13,769.4304884995663
2025-03-12,12,57,20.66280608776269,0,cold,6,1177.7799470024734
2025-03-12,13,33,29.323141274099882,0,cold,12,967.6636620452961
2025-03-12,14,50,25.56863903956261,0,rainy,5,1278.4319519781304
2025-03-12,15,24,25.281863110511424,0,rainy,11,606.7647146522742
2025-03-12,16,40,17.573476157291342,0,sunny,10,702.9390462916537
2025-03-12,17,66,22.207293388104436,1,cold,11,1465.6813636148927
2025-03-12,18,49,22.617626213550928,1,sunny,5,1108.2636844639956
2025-03-12,19,52,12.480980147727532,1,sunny,13,649.0109676818316
2025-03-12,20,58,23.986282615084484,1,sunny,9,1391.2043916749
2025-03-12,21,24,15.758879246107218,0,rainy,13,378.21310190657323
2025-03-13,11,57,27.340124071134397,0,cold,5,1558.3870720546606
2025-03-13,12,34,24.449980776103807,0,rainy,7,831.2993463875295
2025-03-13,13,19,12.183254802910897,0,rainy,8,231.48184125530705
2025-03-13,14,41,13.589594795980249,1,rainy,7,557.1733866351902
2025-03-13,15,37,29.78395859297663,0,cold,13,1102.0064679401353
2025-03-13,16,47,27.8610184932271,1,cold,9,1309.4678691816737
2025-03-13,17,24,16.7839219928335,0,sunny,12,402.81412782800396
2025-03-13,18,51,18.03633111504351,0,sunny,12,919.852886867219
2025-03-13,19,38,28.79188388358084,1,cold,13,1094.091587576072
2025-03-13,20,52,24.01606223096975,0,sunny,10,1248.835236010427
2025-03-13,21,41,23.54731134934405,1,cold,9,965.439765323106
2025-03-14,11,38,17.507380629970037,0,sunny,6,665.2804639388614
2025-03-14,12,52,22.123232868237427,1,sunny,9,1150.4081091483463
2025-03-14,13,35,25.774762509601274,1,sunny,12,902.1166878360445
2025-03-14,14,50,24.74420232124795,0,sunny,7,1237.2101160623974
2025-03-14,15,57,14.419425560274012,0,cold,8,821.9072569356188
2025-03-14,16,67,21.979717093063407,1,sunny,8,1472.6410452352482
2025-03-14,17,47,26.61933720326212,1,sunny,5,1251.1088485533196
2025-03-14,18,47,26.864064038684216,0,rainy,12,1262.6110098181582
2025-03-14,19,45,28.950295904851618,0,cold,11,1302.763315718323
2025-03-14,20,69,23.898503569041686,1,sunny,5,1648.9967462638763
2025-03-14,21,35,20.927550487425755,1,sunny,10,732.4642670599014
2025-03-15,11,33,19.867926700030687,0,rainy,8,655.6415811010127
2025-03-15,12,35,27.486895437148924,1,sunny,9,962.0413403002124
2025-03-15,13,47,17.606369269035888,0,cold,8,827.4993556446867
2025-03-15,14,45,18.3981173208412,1,rainy,13,827.9152794378541
2025-03-15,15,47,12.38646731733946,1,sunny,11,582.1639639149546
2025-03-15,16,39,24.5526748629105,1,rainy,11,957.5543196535095
2025-03-15,17,20,21.285377362228523,0,sunny,7,425.7075472445705
2025-03-15,18,58,19.651254251049444,0,cold,8,1139.7727465608677
2025-03-15,19,25,17.180356966913294,0,cold,10,429.50892417283234
2025-03-15,20,44,19.317597702573778,1,cold,9,849.9742989132462
2025-03-15,21,52,16.062194143790435,0,cold,13,835.2340954771026
2025-03-16,11,39,15.374005565454393,0,sunny,6,599.5862170527213
2025-03-16,12,28,21.062619086122403,0,rainy,8,589.7533344114273
2025-03-16,13,50,25.71443967672943,0,cold,5,1285.7219838364715
2025-03-16,14,51,20.373411908488002,0,sunny,6,1039.0440073328882
2025-03-16,15,36,12.538150807153523,1,sunny,11,451.37342905752683
2025-03-16,16,45,25.83382147817451,0,rainy,5,1162.521966517853
2025-03-16,17,36,27.32560817866031,1,cold,9,983.7218944317711
2025-03-16,18,42,25.581839874123695,0,cold,12,1074.4372747131952
2025-03-16,19,53,23.028539754095263,1,sunny,7,1220.512606967049
2025-03-16,20,40,12.672924798515623,0,rainy,8,506.91699194062494
2025-03-16,21,54,21.74639260096116,0,sunny,5,1174.3052004519025
2025-03-17,11,45,20.00669588035153,0,cold,10,900.3013146158188
2025-03-17,12,56,16.3183507153406,0,cold,8,913.8276400590736
2025-03-17,13,37,22.604225168850817,1,cold,11,836.3563312474803
2025-03-17,14,42,25.432165684696606,0,cold,7,1068.1509587572575
2025-03-17,15,31,24.83394053438974,0,rainy,6,769.8521565660819
2025-03-17,16,46,24.714692424258565,0,cold,12,1136.875851515894
2025-03-17,17,36,25.65388402535987,0,rainy,11,923.5398249129553
2025-03-17,18,33,15.452232879121265,0,rainy,9,509.92368501100174
2025-03-17,19,45,16.835011316605737,0,rainy,11,757.5755092472582
2025-03-17,20,63,16.098844622861364,1,cold,7,1014.2272112402659
2025-03-17,21,51,15.089534699307254,1,sunny,13,769.56626966467
2025-03-18,11,46,26.310630797460377,0,sunny,6,1210.2890166831774
2025-03-18,12,20,18.130576794736893,0,sunny,11,362.61153589473787
2025-03-18,13,56,19.984174057631247,0,cold,7,1119.11374722735
2025-03-18,14,39,24.239320272952465,0,rainy,8,945.3334906451462
2025-03-18,15,17,26.077418593629204,0,rainy,10,443.3161160916965
2025-03-18,16,37,28.116275949147397,0,cold,7,1040.3022101184538
2025-03-18,17,33,17.405788346024025,0,rainy,11,574.3910154187928
2025-03-18,18,27,19.297538120739993,0,rainy,13,521.0335292599798
2025-03-18,19,28,12.862251965948133,0,sunny,14,360.1430550465477
2025-03-18,20,30,12.31216944251686,0,rainy,12,369.3650832755058
2025-03-18,21,39,25.960527123939944,1,cold,12,1012.4605578336578
2025-03-19,11,42,18.06098416428985,0,rainy,10,758.5613349001736
2025-03-19,12,53,22.334705557880998,0,cold,7,1183.739394567693
2025-03-19,13,58,29.254700037455603,1,rainy,14,1696.772602172425
2025-03-19,14,48,20.507240221115104,0,sunny,14,984.347530613525
2025-03-19,15,39,22.191473668951414,1,sunny,8,865.4674730891052
2025-03-19,16,22,18.073525858035957,0,cold,8,397.61756887679104
2025-03-19,17,44,29.351416836151994,0,rainy,6,1291.4623407906877
2025-03-19,18,60,13.921816666591736,1,rainy,9,835.3089999955042
2025-03-19,19,23,25.986468323424752,0,rainy,5,597.6887714387693
2025-03-19,20,18,28.83330180260745,0,rainy,5,518.9994324469342
2025-03-19,21,25,24.167556942151613,0,cold,5,604.1889235537903
2025-03-20,11,64,17.20464059509929,1,rainy,5,1101.0969980863545
2025-03-20,12,57,27.77122496971093,1,rainy,8,1582.959823273523
2025-03-20,13,30,15.396629676000227,1,rainy,6,461.8988902800068
2025-03-20,14,51,13.279582211342152,0,cold,11,677.2586927784498
2025-03-20,15,30,22.43914044028609,1,sunny,8,673.1742132085826
2025-03-20,16,55,19.281761163846873,0,cold,12,1060.496864011578
2025-03-20,17,41,17.559554622041773,0,rainy,5,719.9417395037127
2025-03-20,18,17,14.605090479166428,0,rainy,14,248.28653814582927
2025-03-20,19,60,13.428272676203147,1,rainy,7,805.6963605721888
2025-03-20,20,60,12.032750906049525,1,rainy,5,721.9650543629715
2025-03-20,21,53,21.236531603866947,0,rainy,11,1125.5361750049483
2025-03-21,11,25,14.07506128928199,0,sunny,6,351.8765322320497
2025-03-21,12,44,22.20370822830981,0,sunny,13,976.9631620456316
2025-03-21,13,38,21.57493174694389,0,sunny,11,819.8474063838678
2025-03-21,14,30,16.439754902578343,0,rainy,7,493.19264707735033
2025-03-21,15,41,24.783254269998263,0,rainy,10,1016.1134250699288
2025-03-21,16,42,12.770108564999408,0,sunny,9,536.3445597299751
2025-03-21,17,53,22.89066376122477,0,sunny,11,1213.2051793449127
2025-03-21,18,46,25.639448257693434,0,rainy,11,1179.4146198538979
2025-03-21,19,21,26.258687002912172,0,rainy,8,551.4324270611556
2025-03-21,20,27,13.680913757678828,0,cold,7,369.38467145732835
2025-03-21,21,30,18.303990627431087,0,cold,6,549.1197188229327
2025-03-22,11,50,22.684796063882093,0,rainy,10,1134.2398031941048
2025-03-22,12,42,17.45065754324128,0,rainy,14,732.9276168161338
2025-03-22,13,31,26.279231745253547,0,sunny,7,814.6561841028599
2025-03-22,14,28,27.71505153989932,0,sunny,6,776.021443117181
2025-03-22,15,51,15.230018110140131,0,sunny,13,776.7309236171467
2025-03-22,16,20,25.96478157274755,0,sunny,13,519.295631454951
2025-03-22,17,39,28.950282001313084,0,sunny,7,1129.0609980512104
2025-03-22,18,47,17.84279998429124,1,cold,8,838.6115992616883
2025-03-22,19,50,29.55736816726354,1,cold,5,1477.868408363177
2025-03-22,20,53,28.288547423625687,0,rainy,12,1499.2930134521614
2025-03-22,21,63,24.087283054193684,1,cold,13,1517.498832414202
2025-03-23,11,59,15.810040516764191,0,sunny,9,932.7923904890873
2025-03-23,12,29,28.198965664484493,0,sunny,11,817.7700042700503
2025-03-23,13,46,21.7155182312452,0,sunny,13,998.9138386372791
2025-03-23,14,28,22.933318020813445,0,cold,10,642.1329045827765
2025-03-23,15,32,16.421435620963887,1,sunny,9,525.4859398708444
2025-03-23,16,47,13.634569667564845,1,rainy,12,640.8247743755477
2025-03-23,17,44,16.077819581325244,1,rainy,7,707.4240615783108
2025-03-23,18,39,12.282609585709533,0,rainy,5,479.0217738426718
2025-03-23,19,58,17.35533803017859,0,sunny,11,1006.6096057503582
2025-03-23,20,55,21.352555935432427,1,rainy,9,1174.3905764487836
2025-03-23,21,18,19.639268859873773,0,rainy,8,353.5068394777279
2025-03-24,11,28,19.040442818220235,0,sunny,9,533.1323989101666
2025-03-24,12,42,13.346657843668172,0,cold,14,560.5596294340633
2025-03-24,13,46,19.55428736586956,0,cold,9,899.4972188299997
2025-03-24,14,47,21.452875139873978,0,cold,12,1008.285131574077
2025-03-24,15,18,14.791945676891588,0,rainy,6,266.2550221840486
2025-03-24,16,44,22.12966989981645,0,sunny,9,973.7054755919237
2025-03-24,17,38,27.802929177847787,1,sunny,14,1056.5113087582158
2025-03-24,18,45,23.435432674216063,0,cold,11,1054.5944703397229
2025-03-24,19,21,15.808464751938274,0,rainy,10,331.9777597907038
2025-03-24,20,50,12.097156784390664,0,sunny,6,604.8578392195333
2025-03-24,21,56,22.37813473850933,0,cold,10,1253.1755453565224
2025-03-25,11,52,17.32641853185493,0,rainy,6,900.9737636564564
2025-03-25,12,33,21.849429948107556,0,rainy,14,721.0311882875493
2025-03-25,13,41,14.839528649861773,0,rainy,12,608.4206746443327
2025-03-25,14,53,27.551223666206305,0,sunny,6,1460.214854308934
2025-03-25,15,58,16.464833934493786,0,cold,10,954.9603682006396
2025-03-25,16,42,23.232197462326553,0,rainy,11,975.7522934177152
2025-03-25,17,25,17.934610721088124,0,rainy,11,448.3652680272031
2025-03-25,18,55,14.912157613762115,0,sunny,6,820.1686687569163
2025-03-25,19,58,19.880134479475558,1,sunny,7,1153.0477998095823
2025-03-25,20,34,26.72052838441101,0,sunny,12,908.4979650699744
2025-03-25,21,28,17.045634233774866,0,rainy,5,477.27775854569626
2025-03-26,11,52,17.42614750524131,0,sunny,13,906.1596702725482
2025-03-26,12,53,26.654050840714913,1,cold,5,1412.6646945578905
2025-03-26,13,22,24.045476313037128,0,rainy,10,529.0004788868168
2025-03-26,14,44,17.565986331741662,0,sunny,11,772.9033985966331
2025-03-26,15,42,20.348985562856214,0,rainy,7,854.657393639961
2025-03-26,16,53,27.281147202404462,0,rainy,14,1445.9008017274364
2025-03-26,17,57,20.86257973284188,0,cold,11,1189.167044771987
2025-03-26,18,24,16.483279982895787,0,cold,14,395.5987195894989
2025-03-26,19,22,12.505583855184627,0,rainy,7,275.1228448140618
2025-03-26,20,59,21.595723179972055,0,sunny,5,1274.1476676183513
2025-03-26,21,53,19.76097235699759,1,cold,6,1047.3315349208724
2025-03-27,11,48,19.46183911040005,1,cold,8,934.1682772992024
2025-03-27,12,67,27.487388497010937,1,cold,9,1841.6550292997329
2025-03-27,13,58,14.558817040718669,1,sunny,10,844.4113883616828
2025-03-27,14,51,26.58583206662212,0,sunny,11,1355.8774353977283
2025-03-27,15,55,20.23120399942279,0,sunny,7,1112.7162199682534
2025-03-27,16,26,21.554522433433497,0,rainy,13,560.417583269271
2025-03-27,17,43,24.411136993115427,0,cold,11,1049.6788907039634
2025-03-27,18,42,12.35193243458121,1,rainy,10,518.7811622524108
2025-03-27,19,49,12.726228347730117,0,rainy,10,623.5851890387758
2025-03-27,20,24,13.112023255226436,0,sunny,8,314.6885581254345
2025-03-27,21,45,23.949601033957578,0,cold,9,1077.732046528091
2025-03-28,11,56,21.01259160742203,1,rainy,14,1176.7051300156338
2025-03-28,12,27,17.267556895327854,0,rainy,8,466.224036173852
2025-03-28,13,45,27.98609112916808,0,rainy,13,1259.3741008125637
2025-03-28,14,49,22.497034009908788,0,sunny,6,1102.3546664855305
2025-03-28,15,43,27.56353509222273,0,rainy,6,1185.2320089655773
2025-03-28,16,45,26.602407065119856,0,sunny,6,1197.1083179303935
2025-03-28,17,22,28.73593675003808,0,rainy,7,632.1906085008377
2025-03-28,18,41,29.61147668720266,0,rainy,11,1214.0705441753091
2025-03-28,19,26,18.160343547683027,0,sunny,8,472.1689322397587
2025-03-28,20,31,23.262796317346655,0,rainy,7,721.1466858377463
2025-03-28,21,49,12.340219228747747,1,cold,10,604.6707422086396
2025-03-29,11,31,22.553892885979288,0,sunny,14,699.1706794653579
2025-03-29,12,44,12.132677770839951,0,sunny,8,533.8378219169579
2025-03-29,13,33,24.470647728963236,0,rainy,14,807.5313750557868
2025-03-29,14,57,13.544346632383846,1,cold,10,772.0277580458792
2025-03-29,15,59,17.41431161930233,1,cold,14,1027.4443855388377
2025-03-29,16,21,23.693902661790744,0,sunny,8,497.5719558976056
2025-03-29,17,64,26.36225597907271,1,cold,6,1687.1843826606535
2025-03-29,18,46,22.917529039364823,0,rainy,5,1054.2063358107819
2025-03-29,19,55,12.702524485504725,0,sunny,6,698.6388467027599
2025-03-29,20,28,15.622127231225498,0,sunny,14,437.4195624743139
2025-03-29,21,63,23.23740103108822,1,sunny,12,1463.9562649585578
2025-03-30,11,21,18.557167602834696,0,rainy,12,389.7005196595286
2025-03-30,12,35,16.104829766968543,0,rainy,7,563.669041843899
2025-03-30,13,52,19.758624110519197,0,sunny,10,1027.4484537469982
2025-03-30,14,23,12.175378774277434,0,sunny,8,280.033711808381
2025-03-30,15,52,22.92497007632772,0,sunny,14,1192.0984439690415
2025-03-30,16,36,18.36340170164481,1,sunny,11,661.0824612592132
2025-03-30,17,43,27.191435297016724,0,rainy,13,1169.231717771719
2025-03-30,18,39,25.054437525845106,1,sunny,9,977.1230635079592
2025-03-30,19,22,17.776753223917765,0,rainy,14,391.08857092619087
2025-03-30,20,56,14.326671850330495,1,cold,10,802.2936236185077
2025-03-30,21,32,18.71765079607969,0,sunny,11,598.96482547455
2025-03-31,11,40,23.387655660766814,0,sunny,8,935.5062264306725
2025-03-31,12,28,27.775518562046862,0,cold,8,777.7145197373121
2025-03-31,13,32,17.42819834803853,0,cold,12,557.702347137233
2025-03-31,14,24,28.186638828516905,0,rainy,6,676.4793318844057
2025-03-31,15,41,24.63981081970376,0,rainy,14,1010.2322436078542
2025-03-31,16,28,23.10677811951073,0,sunny,12,646.9897873463004
2025-03-31,17,40,25.834554278760308,0,cold,11,1033.3821711504124
2025-03-31,18,40,25.211970116632372,0,sunny,11,1008.4788046652949
2025-03-31,19,35,19.230608577363533,0,rainy,10,673.0713002077237
2025-03-31,20,51,23.226474724718866,1,sunny,10,1184.550210960662
2025-03-31,21,59,28.631676898061915,0,sunny,5,1689.268936985653
2025-04-01,11,24,19.380927384821607,0,rainy,9,465.1422572357186
2025-04-01,12,43,23.40468184715939,0,rainy,14,1006.4013194278539
2025-04-01,13,31,14.662798197484065,0,rainy,6,454.54674412200603
2025-04-01,14,40,14.051051075834923,0,rainy,8,562.0420430333969
2025-04-01,15,49,17.112345311683715,1,sunny,6,838.504920272502
2025-04-01,16,19,12.524605614132419,0,rainy,6,237.96750666851597
2025-04-01,17,59,29.514046463008693,0,cold,5,1741.3287413175128
2025-04-01,18,65,14.894872828979278,1,cold,11,968.166733883653
2025-04-01,19,24,19.801767921093223,0,sunny,6,475.24243010623735
2025-04-01,20,36,28.897707398697317,0,sunny,10,1040.3174663531033
2025-04-01,21,41,12.064276548766536,0,sunny,10,494.635338499428
2025-04-02,11,25,17.996701829414963,1,rainy,5,449.91754573537406
2025-04-02,12,59,16.305335943817838,1,cold,10,962.0148206852524
2025-04-02,13,23,20.133242967316633,0,sunny,5,463.0645882482826
2025-04-02,14,43,18.775552915289236,0,rainy,10,807.3487753574371
2025-04-02,15,50,26.429176538424862,0,rainy,7,1321.4588269212431
2025-04-02,16,59,25.700973902855527,1,rainy,8,1516.357460268476
2025-04-02,17,64,26.75789254001853,1,cold,8,1712.505122561186
2025-04-02,18,42,17.347026339494107,1,sunny,6,728.5751062587525
2025-04-02,19,31,23.99881104039387,0,sunny,14,743.96314225221
2025-04-02,20,40,13.93374044011571,1,rainy,8,557.3496176046284
2025-04-02,21,23,22.176453225597783,0,sunny,7,510.058424188749
2025-04-03,11,46,20.913211834674065,0,rainy,8,962.007744395007
2025-04-03,12,31,16.730828780960316,1,cold,11,518.6556922097698
2025-04-03,13,46,19.47005448865828,0,rainy,12,895.6225064782809
2025-04-03,14,48,14.596469818425756,0,cold,6,700.6305512844363
2025-04-03,15,40,24.23817524207427,0,rainy,11,969.5270096829709
2025-04-03,16,47,18.539643824952943,0,sunny,14,871.3632597727883
2025-04-03,17,42,19.965482011057595,0,cold,12,838.550244464419
2025-04-03,18,16,21.523747095642815,0,rainy,14,344.37995353028504
2025-04-03,19,32,19.61081107495173,1,rainy,11,627.5459543984554
2025-04-03,20,20,20.997896126329252,0,sunny,13,419.95792252658504
2025-04-03,21,68,23.352015807649032,1,cold,9,1587.9370749201341
2025-04-04,11,24,23.287046298202522,0,cold,12,558.8891111568605
2025-04-04,12,55,13.470082771502762,0,cold,5,740.8545524326519
2025-04-04,13,41,15.360391265645777,0,cold,6,629.7760418914769
2025-04-04,14,32,29.67987373977273,0,cold,8,949.7559596727274
2025-04-04,15,58,19.226391132791765,1,sunny,6,1115.1306857019224
2025-04-04,16,42,29.382788285378005,0,cold,8,1234.0771079858762
2025-04-04,17,61,14.040886282167943,1,sunny,13,856.4940632122446
2025-04-04,18,40,28.18401384238945,0,cold,14,1127.3605536955781
2025-04-04,19,53,23.543992955988244,0,sunny,13,1247.831626667377
2025-04-04,20,51,26.81512063747597,0,rainy,10,1367.5711525112745
2025-04-04,21,31,25.99317064847481,0,rainy,14,805.7882901027191
2025-04-05,11,67,19.384296149401823,1,cold,6,1298.7478420099221
2025-04-05,12,48,26.235142347948297,0,sunny,8,1259.2868327015183
2025-04-05,13,47,23.07778811374184,0,sunny,9,1084.6560413458665
2025-04-05,14,56,13.650040215697139,0,sunny,12,764.4022520790397
2025-04-05,15,48,25.929701669869516,0,sunny,10,1244.6256801537368
2025-04-05,16,44,12.146929814038966,0,sunny,5,534.4649118177146
2025-04-05,17,36,12.079770845391575,0,rainy,6,434.8717504340967
2025-04-05,18,26,28.689075264199758,0,rainy,7,745.9159568691937
2025-04-05,19,48,20.061256734057093,0,rainy,8,962.9403232347404
2025-04-05,20,56,12.803858838470012,0,sunny,6,717.0160949543207
2025-04-05,21,29,27.391124529941024,0,rainy,7,794.3426113682897
2025-04-06,11,46,20.14749203694131,0,sunny,8,926.7846336993002
2025-04-06,12,32,20.509216948717743,0,rainy,5,656.2949423589678
2025-04-06,13,30,16.1215949057418,0,cold,14,483.64784717225405
2025-04-06,14,58,25.708133034163776,0,sunny,6,1491.071715981499
2025-04-06,15,42,24.95376555208004,0,sunny,11,1048.0581531873615
2025-04-06,16,49,15.153037662756226,0,sunny,8,742.4988454750551
2025-04-06,17,32,29.070721262649407,1,cold,12,930.263080404781
2025-04-06,18,50,16.69635460611571,0,cold,7,834.8177303057856
2025-04-06,19,19,25.4462563034203,0,rainy,7,483.4788697649857
2025-04-06,20,48,14.162281391236217,0,rainy,7,679.7895067793384
2025-04-06,21,24,26.046472632731827,0,sunny,11,625.1153431855639
2025-04-07,11,44,12.731412719490603,0,rainy,9,560.1821596575866
2025-04-07,12,31,28.043292107443087,0,cold,5,869.3420553307357
2025-04-07,13,52,24.017161239917726,0,cold,12,1248.8923844757219
2025-04-07,14,39,21.40552844251569,1,cold,12,834.8156092581119
2025-04-07,15,50,23.69441814791378,0,cold,5,1184.720907395689
2025-04-07,16,33,22.310050462983533,0,rainy,11,736.2316652784566
2025-04-07,17,18,17.4802683526133,0,rainy,8,314.64483034703943
2025-04-07,18,40,13.113799832252157,1,cold,14,524.5519932900863
2025-04-07,19,29,21.273455758360342,1,rainy,14,616.9302169924499
2025-04-07,20,57,21.21381891843934,1,cold,9,1209.1876783510425
2025-04-07,21,55,19.771013918311684,1,cold,9,1087.4057655071426
2025-04-08,11,28,21.197609807348904,0,rainy,10,593.5330746057693
2025-04-08,12,53,27.248468649748503,1,cold,10,1444.1688384366707
2025-04-08,13,44,14.150517138639362,1,rainy,5,622.6227541001319
2025-04-08,14,46,16.112932973740104,1,rainy,10,741.1949167920448
2025-04-08,15,56,17.8808228080991,1,rainy,5,1001.3260772535497
2025-04-08,16,31,25.700871007985757,0,rainy,13,796.7270012475585
2025-04-08,17,31,15.632690474340421,0,rainy,5,484.6134047045531
2025-04-08,18,39,17.79477528010992,0,cold,11,693.9962359242869
2025-04-08,19,54,24.331971241987045,0,cold,13,1313.9264470673004
2025-04-08,20,57,21.35249926167549,1,cold,6,1217.092457915503
2025-04-08,21,33,18.229297337941816,1,sunny,12,601.5668121520799
2025-04-09,11,45,17.069340739368467,1,sunny,8,768.120333271581
2025-04-09,12,34,24.407566568078224,1,rainy,10,829.8572633146596
2025-04-09,13,37,26.275225651112887,0,cold,6,972.1833490911769
2025-04-09,14,21,28.107646314292168,0,cold,9,590.2605726001356
2025-04-09,15,43,22.578004678775365,1,rainy,14,970.8542011873407
2025-04-09,16,44,20.439119242032618,0,sunny,8,899.3212466494351
2025-04-09,17,31,22.956230511046485,0,cold,7,711.6431458424411
2025-04-09,18,59,17.214270018002264,1,cold,14,1015.6419310621336
2025-04-09,19,37,12.618164942824517,1,sunny,6,466.8721028845071
2025-04-09,20,30,28.686897567377876,0,sunny,9,860.6069270213363
2025-04-09,21,25,26.430080428536826,0,sunny,12,660.7520107134206
2025-04-10,11,16,22.58069545410902,0,rainy,13,361.2911272657443
2025-04-10,12,42,12.676085774860653,1,rainy,6,532.3956025441474
2025-04-10,13,20,20.97038890301979,0,sunny,9,419.4077780603958
2025-04-10,14,36,13.40601108166965,0,sunny,12,482.6163989401074
2025-04-10,15,49,28.19614146509442,1,sunny,9,1381.6109317896266
2025-04-10,16,35,20.405416614565944,0,cold,13,714.189581509808
2025-04-10,17,45,26.331481289448945,0,cold,9,1184.9166580252024
2025-04-10,18,51,12.055649202431487,0,rainy,8,614.8381093240058
2025-04-10,19,21,16.95518013703018,0,sunny,10,356.05878287763375
2025-04-10,20,64,12.999655836762004,1,cold,6,831.9779735527683
2025-04-10,21,22,21.239532118306244,0,rainy,12,467.26970660273736
2025-04-11,11,31,15.841190071414694,0,cold,8,491.0768922138555
2025-04-11,12,36,24.62186219921078,0,cold,10,886.3870391715882
2025-04-11,13,52,14.74264556224666,0,rainy,7,766.6175692368263
2025-04-11,14,57,25.083315899711224,1,rainy,10,1429.7490062835398
2025-04-11,15,59,14.95068330266651,0,sunny,11,882.0903148573241
2025-04-11,16,32,25.995300044532364,0,sunny,10,831.8496014250356
2025-04-11,17,35,12.764445558716204,0,rainy,14,446.75559455506715
2025-04-11,18,45,21.447839858311237,0,rainy,7,965.1527936240057
2025-04-11,19,29,18.409192900436487,0,sunny,10,533.8665941126582
2025-04-11,20,54,12.238014702438935,0,sunny,10,660.8527939317025
2025-04-11,21,62,13.766497568933117,1,rainy,9,853.5228492738532
2025-04-12,11,41,27.730204540763783,0,sunny,13,1136.9383861713152
2025-04-12,12,49,19.51724654856816,0,sunny,13,956.3450808798399
2025-04-12,13,31,16.363317074825733,1,sunny,10,507.26282931959776
2025-04-12,14,41,14.331168773151472,0,cold,10,587.5779196992104
2025-04-12,15,65,24.664779337427944,1,sunny,13,1603.2106569328164
2025-04-12,16,52,21.976712631577552,1,sunny,9,1142.7890568420328
2025-04-12,17,61,20.178337374431756,1,cold,10,1230.8785798403371
2025-04-12,18,43,27.57555041898079,1,cold,10,1185.748668016174
2025-04-12,19,15,17.808655598115077,0,rainy,6,267.12983397172616
2025-04-12,20,65,23.086769061508864,1,sunny,13,1500.6399889980762
2025-04-12,21,29,28.95074803369418,0,sunny,13,839.5716929771312
2025-04-13,11,48,23.70574161497622,0,sunny,13,1137.8755975188585
2025-04-13,12,37,15.57272650680788,0,cold,11,576.1908807518915
2025-04-13,13,35,21.054176979961458,0,cold,11,736.896194298651
2025-04-13,14,20,26.492684388859832,0,cold,7,529.8536877771967
2025-04-13,15,28,29.0990477922451,0,sunny,7,814.7733381828627
2025-04-13,16,27,27.608889137510122,0,rainy,5,745.4400067127733
2025-04-13,17,55,21.73026802906714,0,sunny,13,1195.1647415986927
2025-04-13,18,46,13.664020034725455,0,sunny,14,628.544921597371
2025-04-13,19,29,19.052006014357346,1,rainy,9,552.5081744163631
2025-04-13,20,41,16.408465169220086,1,rainy,14,672.7470719380235
2025-04-13,21,57,27.602775850738254,0,cold,14,1573.3582234920805
2025-04-14,11,41,21.176672046123777,0,cold,12,868.2435538910748
2025-04-14,12,36,18.009209574398945,1,sunny,11,648.331544678362
2025-04-14,13,56,17.616757109394687,0,sunny,8,986.5383981261025
2025-04-14,14,22,28.38403160044607,0,rainy,13,624.4486952098135
2025-04-14,15,47,16.208477390603278,0,sunny,13,761.798437358354
2025-04-14,16,39,28.884476822759936,0,sunny,5,1126.4945960876375
2025-04-14,17,47,20.70789190410496,0,rainy,13,973.2709194929332
2025-04-14,18,31,22.403335897602346,0,sunny,13,694.5034128256727
2025-04-14,19,22,27.20107974571659,0,cold,11,598.423754405765
2025-04-14,20,34,12.918234595295036,0,sunny,8,439.21997624003126
2025-04-14,21,63,13.638125328118415,1,rainy,11,859.2018956714601
2025-04-15,11,57,19.20588903716012,0,cold,12,1094.735675118127
2025-04-15,12,49,19.24760414124617,0,rainy,6,943.1326029210624
2025-04-15,13,46,20.887211342471346,0,rainy,5,960.8117217536819
2025-04-15,14,57,16.395302013601437,0,sunny,11,934.5322147752819
2025-04-15,15,53,28.825678458051943,0,sunny,6,1527.760958276753
2025-04-15,16,46,29.402411369997566,0,sunny,14,1352.510923019888
2025-04-15,17,36,23.99291098271192,0,rainy,6,863.7447953776291
2025-04-15,18,49,13.438338705851809,1,rainy,7,658.4785965867386
2025-04-15,19,40,22.153251367222826,0,cold,8,886.130054688913
2025-04-15,20,31,26.156019049405888,1,sunny,8,810.8365905315825
2025-04-15,21,55,15.16168408282273,1,cold,14,833.8926245552501
2025-04-16,11,45,15.501256123069146,1,cold,13,697.5565255381116
2025-04-16,12,44,22.038107071930114,0,cold,8,969.676711164925
2025-04-16,13,55,17.633833999982357,1,cold,8,969.8608699990297
2025-04-16,14,24,23.452935438500553,0,rainy,5,562.8704505240132
2025-04-16,15,63,13.40393946710003,1,cold,14,844.4481864273018
2025-04-16,16,31,19.944437210396845,0,rainy,6,618.2775535223022
2025-04-16,17,57,26.62954361052649,1,rainy,9,1517.88398580001
2025-04-16,18,20,19.582102397904677,0,rainy,8,391.64204795809354
2025-04-16,19,47,13.58362478036527,0,cold,9,638.4303646771676
2025-04-16,20,47,25.256635668908274,0,rainy,7,1187.0618764386888
2025-04-16,21,21,18.314373504163143,0,sunny,10,384.601843587426
2025-04-17,11,36,14.92455906133942,1,rainy,7,537.284126208219
2025-04-17,12,29,21.836367420294536,0,cold,8,633.2546551885415
2025-04-17,13,26,14.767044150696234,0,sunny,6,383.9431479181021
2025-04-17,14,52,12.38299207248614,0,rainy,13,643.9155877692792
2025-04-17,15,49,27.189741744289847,0,rainy,13,1332.2973454702026
2025-04-17,16,15,25.41491903600022,0,rainy,9,381.2237855400033
2025-04-17,17,69,12.27411957666417,1,sunny,8,846.9142507898277
2025-04-17,18,34,18.939011700816526,0,sunny,5,643.9263978277619
2025-04-17,19,56,12.532165322271709,0,cold,13,701.8012580472157
2025-04-17,20,52,20.065131428194086,1,cold,9,1043.3868342660924
2025-04-17,21,38,25.366939282409,1,sunny,8,963.943692731542
2025-04-18,11,34,20.137347105199996,0,cold,8,684.6698015767998
2025-04-18,12,51,26.746689285223184,0,sunny,7,1364.0811535463824
2025-04-18,13,65,19.1203902582494,1,cold,8,1242.8253667862111
2025-04-18,14,39,15.978009119871022,0,cold,5,623.1423556749698
2025-04-18,15,63,22.219490631869462,1,cold,8,1399.827909807776
2025-04-18,16,47,19.176369954440197,1,rainy,8,901.2893878586892
2025-04-18,17,34,13.234792636271928,0,sunny,14,449.98294963324554
2025-04-18,18,29,14.009309397412704,0,rainy,11,406.2699725249684
2025-04-18,19,48,26.373650031112923,0,rainy,11,1265.9352014934202
2025-04-18,20,34,13.3744963456685,0,sunny,9,454.732875752729
2025-04-18,21,50,23.696235420751755,0,sunny,12,1184.8117710375877
2025-04-19,11,25,15.61784850868122,0,cold,6,390.4462127170305
2025-04-19,12,36,24.939465213158538,0,sunny,5,897.8207476737074
2025-04-19,13,27,23.039140414826313,0,sunny,8,622.0567912003105
2025-04-19,14,29,14.227379911464892,0,cold,5,412.59401743248185
2025-04-19,15,38,20.79843026505592,1,sunny,12,790.3403500721249
2025-04-19,16,24,22.76557171414396,0,rainy,14,546.373721139455
2025-04-19,17,31,14.606453475782555,1,cold,11,452.8000577492592
2025-04-19,18,47,27.006343656205225,0,cold,7,1269.2981518416454
2025-04-19,19,30,27.22331341484633,0,rainy,7,816.69940244539
2025-04-19,20,23,28.73762663280303,0,cold,6,660.9654125544696
2025-04-19,21,44,21.749561248127115,0,cold,6,956.980694917593
2025-04-20,11,15,25.666335249489975,0,rainy,13,384.99502874234963
2025-04-20,12,38,22.065927289954324,1,sunny,6,838.5052370182643
2025-04-20,13,58,17.205753218787525,1,sunny,8,997.9336866896764
2025-04-20,14,45,29.99921902963905,0,cold,8,1349.9648563337573
2025-04-20,15,29,15.435737055313577,1,rainy,6,447.63637460409376
2025-04-20,16,44,26.88995034970299,0,rainy,13,1183.1578153869316
2025-04-20,17,23,25.46012036300021,0,sunny,13,585.5827683490048
2025-04-20,18,64,18.417621450730522,1,cold,6,1178.7277728467534
2025-04-20,19,31,14.851046497825001,0,sunny,9,460.38244143257504
2025-04-20,20,28,29.030895543637776,0,cold,9,812.8650752218578
2025-04-20,21,39,26.772300479308555,0,rainy,11,1044.1197186930337
2025-04-21,11,43,17.650805272167982,0,rainy,11,758.9846267032233
2025-04-21,12,58,19.740487273536672,0,cold,8,1144.948261865127
2025-04-21,13,24,29.269700743858454,0,rainy,12,702.4728178526029
2025-04-21,14,44,28.417016506746577,1,rainy,9,1250.3487262968495
2025-04-21,15,46,23.222640109884374,0,sunny,6,1068.2414450546812
2025-04-21,16,37,26.03046488982839,1,cold,11,963.1272009236504
2025-04-21,17,54,28.534974883436966,0,sunny,14,1540.8886437055962
2025-04-21,18,27,20.468196378363384,0,rainy,7,552.6413022158114
2025-04-21,19,25,15.80171195631174,0,cold,6,395.0427989077935
2025-04-21,20,38,18.587148202353966,1,cold,5,706.3116316894507
2025-04-21,21,44,17.393633475916438,0,rainy,10,765.3198729403233
2025-04-22,11,58,18.381588061183635,0,sunny,11,1066.1321075486508
2025-04-22,12,39,26.533736963738715,1,rainy,5,1034.81574158581
2025-04-22,13,45,21.527457306384512,1,cold,7,968.7355787873031
2025-04-22,14,28,24.322765250913285,0,rainy,11,681.037427025572
2025-04-22,15,55,13.623355661068103,0,cold,10,749.2845613587457
2025-04-22,16,29,18.718955790044067,0,rainy,9,542.8497179112779
2025-04-22,17,62,26.57551377451006,1,sunny,10,1647.6818540196236
2025-04-22,18,27,27.809077190400263,1,rainy,7,750.8450841408071
2025-04-22,19,25,19.114674468731963,0,cold,9,477.86686171829905
2025-04-22,20,63,22.119455775688017,1,cold,8,1393.525713868345
2025-04-22,21,64,13.03125802788253,1,sunny,7,834.0005137844819
2025-04-23,11,43,21.617701495458498,0,cold,13,929.5611643047154
2025-04-23,12,24,19.7201710447105,0,sunny,12,473.28410507305205
2025-04-23,13,22,20.038498867615665,0,sunny,7,440.84697508754465
2025-04-23,14,34,12.254285190725943,0,cold,12,416.64569648468205
2025-04-23,15,29,20.142899687527397,0,rainy,10,584.1440909382945
2025-04-23,16,56,24.926702833677844,0,sunny,12,1395.8953586859593
2025-04-23,17,40,22.442254431216885,0,cold,8,897.6901772486754
2025-04-23,18,37,12.067539441522134,0,cold,10,446.498959336319
2025-04-23,19,27,19.651168441441488,0,cold,11,530.5815479189201
2025-04-23,20,22,12.20398072155492,0,rainy,9,268.48757587420823
2025-04-23,21,22,15.926757328508954,0,cold,7,350.38866122719696
2025-04-24,11,35,21.38398804123264,1,sunny,5,748.4395814431424
2025-04-24,12,60,20.604376890342166,1,cold,12,1236.26261342053
2025-04-24,13,31,17.14474117382406,0,cold,11,531.4869763885458
2025-04-24,14,29,16.448612987840434,1,rainy,7,477.0097766473726
2025-04-24,15,47,14.962966120141232,1,sunny,9,703.2594076466379
2025-04-24,16,21,27.80862126633813,0,cold,9,583.9810465931007
2025-04-24,17,39,14.238622105102808,1,cold,8,555.3062620990095
2025-04-24,18,47,21.57174116329504,0,sunny,13,1013.8718346748669
2025-04-24,19,28,23.012433079452613,0,cold,9,644.3481262246731
2025-04-24,20,33,24.325418415042897,0,rainy,5,802.7388076964156
2025-04-24,21,54,15.249789417033039,1,rainy,6,823.4886285197841
2025-04-25,11,30,13.190323114914047,1,rainy,11,395.70969344742144
2025-04-25,12,54,25.035029361979475,0,rainy,11,1351.8915855468917
2025-04-25,13,57,27.39051510196216,1,rainy,10,1561.259360811843
2025-04-25,14,31,26.20622933455244,0,sunny,6,812.3931093711257
2025-04-25,15,34,16.309693092689887,0,rainy,9,554.5295651514562
2025-04-25,16,57,28.31855371893165,0,cold,10,1614.157561979104
2025-04-25,17,48,13.479753981338666,1,cold,7,647.0281911042559
2025-04-25,18,36,23.842144106272723,0,cold,7,858.317187825818
2025-04-25,19,46,19.995013878818128,0,cold,8,919.7706384256339
2025-04-25,20,32,13.59632484742531,0,cold,14,435.0823951176099
2025-04-25,21,48,14.374631409126366,0,cold,14,689.9823076380655
2025-04-26,11,38,13.594578038432434,0,cold,9,516.5939654604325
2025-04-26,12,34,20.865109608895615,0,sunny,10,709.413726702451
2025-04-26,13,40,15.431830902227528,0,cold,12,617.2732360891011
2025-04-26,14,20,21.222873883245384,0,rainy,6,424.4574776649077
2025-04-26,15,67,25.51897191237854,1,sunny,10,1709.771118129362
2025-04-26,16,38,27.448076373729087,1,sunny,9,1043.0269022017053
2025-04-26,17,23,18.93414804045929,0,sunny,14,435.48540493056373
2025-04-26,18,56,14.965768256790081,0,cold,6,838.0830223802445
2025-04-26,19,32,26.149193563410158,1,rainy,6,836.774194029125
2025-04-26,20,30,13.594142111617709,0,rainy,9,407.82426334853125
2025-04-26,21,51,17.308509194490608,0,rainy,11,882.733968919021
2025-04-27,11,60,18.789189974131546,1,rainy,7,1127.3513984478927
2025-04-27,12,17,19.950093895065454,0,rainy,8,339.1515962161127
2025-04-27,13,55,24.714211084961804,0,cold,13,1359.281609672899
2025-04-27,14,67,18.401943790044353,1,cold,11,1232.9302339329715
2025-04-27,15,33,25.800688902801916,1,cold,9,851.4227337924632
2025-04-27,16,38,19.339170296578885,0,rainy,5,734.8884712699976
2025-04-27,17,30,18.15613706476458,0,rainy,7,544.6841119429373
2025-04-27,18,32,23.47354261590026,1,sunny,10,751.1533637088083
2025-04-27,19,17,23.92202289030692,0,rainy,5,406.67438913521767
2025-04-27,20,48,20.762280874715117,0,cold,8,996.5894819863256
2025-04-27,21,16,26.856989097890732,0,rainy,5,429.7118255662517
2025-04-28,11,42,25.684887249589554,0,sunny,7,1078.7652644827613
2025-04-28,12,18,13.33730969941957,0,rainy,8,240.07157458955226
2025-04-28,13,25,25.179886788371594,0,sunny,14,629.4971697092899
2025-04-28,14,57,20.283235319106133,0,cold,14,1156.1444131890496
2025-04-28,15,26,20.273405155735112,1,rainy,6,527.1085340491129
2025-04-28,16,58,24.86784038690926,0,cold,13,1442.334742440737
2025-04-28,17,56,24.451504037997765,1,rainy,5,1369.2842261278747
2025-04-28,18,45,22.03050079138789,0,rainy,6,991.3725356124551
2025-04-28,19,37,16.7372898618033,0,cold,11,619.2797248867222
2025-04-28,20,59,26.2573783686948,0,sunny,10,1549.185323752993
2025-04-28,21,45,21.32535747605192,1,rainy,13,959.6410864223365
2025-04-29,11,36,12.338101741721532,0,rainy,6,444.17166270197515
2025-04-29,12,50,15.402148999078253,0,rainy,11,770.1074499539127
2025-04-29,13,55,24.784607930927795,0,cold,7,1363.1534362010286
2025-04-29,14,64,13.405214504997723,1,sunny,11,857.9337283198543
2025-04-29,15,42,22.7549923619007,0,cold,7,955.7096791998295
2025-04-29,16,25,12.85059213115421,1,rainy,13,321.26480327885525
2025-04-29,17,23,26.13245150680573,0,cold,8,601.0463846565318
2025-04-29,18,52,24.151402911340185,0,sunny,11,1255.8729513896897
2025-04-29,19,46,27.568874076468923,1,sunny,7,1268.1682075175704
2025-04-29,20,46,28.509015919609467,0,rainy,5,1311.4147323020354
2025-04-29,21,55,25.25113442888948,1,rainy,5,1388.8123935889214
2025-04-30,11,63,21.81536320608612,1,cold,6,1374.3678819834254
2025-04-30,12,46,19.064399135268765,1,cold,10,876.9623602223631
2025-04-30,13,53,12.219273679722052,0,rainy,6,647.6215050252688
2025-04-30,14,62,21.338313306495685,1,rainy,9,1322.9754250027324
2025-04-30,15,19,20.80670161481425,0,rainy,13,395.32733068147076
2025-04-30,16,22,29.36755634977045,0,sunny,8,646.0862396949499
2025-04-30,17,36,27.80126536389212,1,rainy,5,1000.8455531001164
2025-04-30,18,54,15.27011870707216,0,rainy,11,824.5864101818966
2025-04-30,19,36,12.292205759428724,0,sunny,5,442.51940733943405
2025-04-30,20,47,25.93808893855139,0,cold,10,1219.0901801119155
2025-04-30,21,44,18.158329977137427,0,cold,8,798.9665189940467
